1,Ст1_НТ3_R_1,1,1,uid=1,,6,00:01,1,1,1
2,Ст1_НТ3_R_2,1,1,uid=2,,6,01:01,1,1,1
3,Ст1_НТ3_R_3,1,1,uid=3,,6,02:01,1,1,1
4,Ст1_НТ3_R_4,1,1,uid=4,,6,03:01,1,1,1
5,Ст1_НТ3_L_1,1,1,uid=5,,6,04:01,1,1,1
6,Ст1_НТ3_L_2,1,1,uid=6,,6,05:01,1,1,1
7,Ст1_НТ3_L_3,1,1,uid=7,,6,06:01,1,1,1
8,Ст1_НТ3_L_4,1,1,uid=8,,6,07:01,1,1,1
9,Ст1_ПВ1_R_1,1,1,uid=9,,7,00:01,1,1,1
10,Ст1_ПВ1_R_2,1,1,uid=10,,7,01:01,1,1,1
11,Ст1_ПВ1_R_3,1,1,uid=11,,7,02:01,1,1,1
12,Ст1_ПВ1_R_4,1,1,uid=12,,7,03:01,1,1,1
13,Ст1_uid=13,1,1,uid=13,,7,04:01,1,1,1
14,Ст1_uid=14,1,1,uid=14,,7,05:01,1,1,1
15,Ст1_uid=15,1,1,uid=15,,7,06:01,1,1,1
16,Ст1_uid=16,1,1,uid=16,,7,07:01,1,1,1
17,Ст1_ТС1_1,1,1,uid=17,,8,00:01,1,1,1
18,Ст1_ТС1_2,1,1,uid=18,,8,01:01,1,1,1
19,Ст1_ТС1_3,1,1,uid=19,,8,02:01,1,1,1
20,Ст1_ТС1_4,1,1,uid=20,,8,03:01,1,1,1
21,Ст1_ТС1_5,1,1,uid=21,,8,04:01,1,1,1
22,Ст1_ТС1_6,1,1,uid=22,,8,05:01,1,1,1
23,Ст1_ТС1_7,1,1,uid=23,,8,06:01,1,1,1
24,Ст1_ТС1_8,1,1,uid=24,,8,07:01,1,1,1
25,Ст1_ТС1_OnOff,1,1,uid=25,,9,00:01,1,1,1
26,Ст1_ТС1_SA1_Y0,1,1,uid=26,,9,01:01,1,1,1
27,Ст1_ТС1_SA1_D,1,1,uid=27,,9,02:01,1,1,1
28,Ст1_ТС1_SA2_1,1,1,uid=28,,9,03:01,1,1,1
29,Ст1_ТС1_SA2_3,1,1,uid=29,,9,04:01,1,1,1
30,Ст1_ТС1_SA2_5,1,1,uid=30,,9,05:01,1,1,1
31,Ст1_ТС1_SA3_Y0,1,1,uid=31,,9,06:01,1,1,1
32,Ст1_ТС1_SA3_Z0,1,1,uid=32,,9,07:01,1,1,1
33,Ст1_МП1_1,1,1,uid=33,,10,00:01,1,1,1
34,Ст1_МП1_2,1,1,uid=34,,10,01:01,1,1,1
35,Ст1_МП1_3,1,1,uid=35,,10,02:01,1,1,1
36,Ст1_МП1_4,1,1,uid=36,,10,03:01,1,1,1
37,Ст1_МП1_5,1,1,uid=37,,10,04:01,1,1,1
38,Ст1_МП1_6,1,1,uid=38,,10,05:01,1,1,1
39,Ст1_МП1_7,1,1,uid=39,,10,06:01,1,1,1
40,Ст1_МП1_8,1,1,uid=40,,10,07:01,1,1,1
41,Ст1_НТ3_С_1,1,1,uid=41,,11,00:01,1,1,1
42,Ст1_НТ3_С_2,1,1,uid=42,,11,01:01,1,1,1
43,Ст1_НТ3_С_3,1,1,uid=43,,11,02:01,1,1,1
44,Ст1_НТ3_С_4,1,1,uid=44,,11,03:01,1,1,1
45,Ст1_uid=45,1,1,uid=45,,11,04:01,1,1,1
46,Ст1_uid=46,1,1,uid=46,,11,05:01,1,1,1
47,Ст1_uid=47,1,1,uid=47,,11,06:01,1,1,1
48,Ст1_uid=48,1,1,uid=48,,11,07:01,1,1,1
49,Ст1_ИП1.1_I_Гарм1,1,1,uid=49,,12,00:01,1,2,4
50,Ст1_ИП1.1_I_Гарм2,1,1,uid=50,,12,01:01,1,2,4
51,Ст1_ИП1.1_I_Гарм3,1,1,uid=51,,12,02:01,1,2,4
52,Ст1_ИП1.1_I_Гарм4,1,1,uid=52,,12,03:01,1,2,4
53,Ст1_ИП1.1_I_Гарм5,1,1,uid=53,,12,04:01,1,2,4
54,Ст1_ИП1.1_I_Гарм6,1,1,uid=54,,12,05:01,1,2,4
55,Ст1_ИП1.1_I_Гарм7,1,1,uid=55,,12,06:01,1,2,4
56,Ст1_ИП1.1_I_Гарм8,1,1,uid=56,,12,07:01,1,2,4
57,Ст1_ИП1.1_I_Гарм9,1,1,uid=57,,12,08:01,1,2,4
58,Ст1_ИП1.1_I_Гарм10,1,1,uid=58,,12,09:01,1,2,4
59,Ст1_ИП1.1_I_Гарм11,1,1,uid=59,,12,10:01,1,2,4
60,Ст1_ИП1.1_I_Гарм12,1,1,uid=60,,12,11:01,1,2,4
61,Ст1_ИП1.1_I_Гарм13,1,1,uid=61,,12,12:01,1,2,4
62,Ст1_ИП1.1_I_Гарм14,1,1,uid=62,,12,13:01,1,2,4
63,Ст1_ИП1.1_I_Гарм15,1,1,uid=63,,12,14:01,1,2,4
64,Ст1_ИП1.1_I_Гарм16,1,1,uid=64,,12,15:01,1,2,4
65,Ст1_ИП1.1_I_Гарм17,1,1,uid=65,,12,16:01,1,2,4
66,Ст1_ИП1.1_I_Гарм18,1,1,uid=66,,12,17:01,1,2,4
67,Ст1_ИП1.1_I_Гарм19,1,1,uid=67,,12,18:01,1,2,4
68,Ст1_ИП1.1_I_Гарм20,1,1,uid=68,,12,19:01,1,2,4
69,Ст1_ИП1.1_I_Гарм21,1,1,uid=69,,12,20:01,1,2,4
70,Ст1_ИП1.1_I_Гарм22,1,1,uid=70,,12,21:01,1,2,4
71,Ст1_ИП1.1_I_Гарм23,1,1,uid=71,,12,22:01,1,2,4
72,Ст1_ИП1.1_I_Гарм24,1,1,uid=72,,12,23:01,1,2,4
73,Ст1_ИП1.1_I_Гарм25,1,1,uid=73,,12,24:01,1,2,4
74,Ст1_ИП1.1_I_Гарм26,1,1,uid=74,,12,25:01,1,2,4
75,Ст1_ИП1.1_I_Гарм27,1,1,uid=75,,12,26:01,1,2,4
76,Ст1_ИП1.1_I_Гарм28,1,1,uid=76,,12,27:01,1,2,4
77,Ст1_ИП1.1_I_Гарм29,1,1,uid=77,,12,28:01,1,2,4
78,Ст1_ИП1.1_I_Гарм30,1,1,uid=78,,12,29:01,1,2,4
79,Ст1_ИП1.1_I_Гарм31,1,1,uid=79,,12,30:01,1,2,4
80,Ст1_ИП1.1_I_Гарм32,1,1,uid=80,,12,31:01,1,2,4
81,Ст1_ИП1.1_I_Гарм33,1,1,uid=81,,12,32:01,1,2,4
82,Ст1_ИП1.1_I_Гарм34,1,1,uid=82,,12,33:01,1,2,4
83,Ст1_ИП1.1_I_Гарм35,1,1,uid=83,,12,34:01,1,2,4
84,Ст1_ИП1.1_I_Гарм36,1,1,uid=84,,12,35:01,1,2,4
85,Ст1_ИП1.1_I_Гарм37,1,1,uid=85,,12,36:01,1,2,4
86,Ст1_ИП1.1_I_Гарм38,1,1,uid=86,,12,37:01,1,2,4
87,Ст1_ИП1.1_I_Гарм39,1,1,uid=87,,12,38:01,1,2,4
88,Ст1_ИП1.1_I_Гарм40,1,1,uid=88,,12,39:01,1,2,4
89,Ст1_ИП1.1_U_Гарм1,1,1,uid=89,,12,40:01,1,2,4
90,Ст1_ИП1.1_U_Гарм2,1,1,uid=90,,12,41:01,1,2,4
91,Ст1_ИП1.1_U_Гарм3,1,1,uid=91,,12,42:01,1,2,4
92,Ст1_ИП1.1_U_Гарм4,1,1,uid=92,,12,43:01,1,2,4
93,Ст1_ИП1.1_U_Гарм5,1,1,uid=93,,12,44:01,1,2,4
94,Ст1_ИП1.1_U_Гарм6,1,1,uid=94,,12,45:01,1,2,4
95,Ст1_ИП1.1_U_Гарм7,1,1,uid=95,,12,46:01,1,2,4
96,Ст1_ИП1.1_U_Гарм8,1,1,uid=96,,12,47:01,1,2,4
97,Ст1_ИП1.1_U_Гарм9,1,1,uid=97,,12,48:01,1,2,4
98,Ст1_ИП1.1_U_Гарм10,1,1,uid=98,,12,49:01,1,2,4
99,Ст1_ИП1.1_U_Гарм11,1,1,uid=99,,12,50:01,1,2,4
100,Ст1_ИП1.1_U_Гарм12,1,1,uid=100,,12,51:01,1,2,4
101,Ст1_ИП1.1_U_Гарм13,1,1,uid=101,,12,52:01,1,2,4
102,Ст1_ИП1.1_U_Гарм14,1,1,uid=102,,12,53:01,1,2,4
103,Ст1_ИП1.1_U_Гарм15,1,1,uid=103,,12,54:01,1,2,4
104,Ст1_ИП1.1_U_Гарм16,1,1,uid=104,,12,55:01,1,2,4
105,Ст1_ИП1.1_U_Гарм17,1,1,uid=105,,12,56:01,1,2,4
106,Ст1_ИП1.1_U_Гарм18,1,1,uid=106,,12,57:01,1,2,4
107,Ст1_ИП1.1_U_Гарм19,1,1,uid=107,,12,58:01,1,2,4
108,Ст1_ИП1.1_U_Гарм20,1,1,uid=108,,12,59:01,1,2,4
109,Ст1_ИП1.1_U_Гарм21,1,1,uid=109,,12,60:01,1,2,4
110,Ст1_ИП1.1_U_Гарм22,1,1,uid=110,,12,61:01,1,2,4
111,Ст1_ИП1.1_U_Гарм23,1,1,uid=111,,12,62:01,1,2,4
112,Ст1_ИП1.1_U_Гарм24,1,1,uid=112,,12,63:01,1,2,4
113,Ст1_ИП1.1_U_Гарм25,1,1,uid=113,,12,64:01,1,2,4
114,Ст1_ИП1.1_U_Гарм26,1,1,uid=114,,12,65:01,1,2,4
115,Ст1_ИП1.1_U_Гарм27,1,1,uid=115,,12,66:01,1,2,4
116,Ст1_ИП1.1_U_Гарм28,1,1,uid=116,,12,67:01,1,2,4
117,Ст1_ИП1.1_U_Гарм29,1,1,uid=117,,12,68:01,1,2,4
118,Ст1_ИП1.1_U_Гарм30,1,1,uid=118,,12,69:01,1,2,4
119,Ст1_ИП1.1_U_Гарм31,1,1,uid=119,,12,70:01,1,2,4
120,Ст1_ИП1.1_U_Гарм32,1,1,uid=120,,12,71:01,1,2,4
121,Ст1_ИП1.1_U_Гарм33,1,1,uid=121,,12,72:01,1,2,4
122,Ст1_ИП1.1_U_Гарм34,1,1,uid=122,,12,73:01,1,2,4
123,Ст1_ИП1.1_U_Гарм35,1,1,uid=123,,12,74:01,1,2,4
124,Ст1_ИП1.1_U_Гарм36,1,1,uid=124,,12,75:01,1,2,4
125,Ст1_ИП1.1_U_Гарм37,1,1,uid=125,,12,76:01,1,2,4
126,Ст1_ИП1.1_U_Гарм38,1,1,uid=126,,12,77:01,1,2,4
127,Ст1_ИП1.1_U_Гарм39,1,1,uid=127,,12,78:01,1,2,4
128,Ст1_ИП1.1_U_Гарм40,1,1,uid=128,,12,79:01,1,2,4
129,Ст1_ИП1.1_V1,1,1,uid=129,,12,80:01,1,2,15
130,Ст1_ИП1.1_V2,1,1,uid=130,,12,81:01,1,2,15
131,Ст1_ИП1.1_V3,1,1,uid=131,,12,82:01,1,2,15
132,Ст1_ИП1.1_V12,1,1,uid=132,,12,83:01,1,2,15
133,Ст1_ИП1.1_V23,1,1,uid=133,,12,84:01,1,2,15
134,Ст1_ИП1.1_V31,1,1,uid=134,,12,85:01,1,2,15
135,Ст1_ИП1.1_I1,1,1,uid=135,,12,86:01,1,2,14
136,Ст1_ИП1.1_I2,1,1,uid=136,,12,87:01,1,2,14
137,Ст1_ИП1.1_I3,1,1,uid=137,,12,88:01,1,2,14
138,Ст1_ИП1.1_kW_L1,1,1,uid=138,,12,89:01,1,2,16
139,Ст1_ИП1.1_kW_L2,1,1,uid=139,,12,90:01,1,2,16
140,Ст1_ИП1.1_kW_L3,1,1,uid=140,,12,91:01,1,2,16
141,Ст1_ИП1.1_kvar_L1,1,1,uid=141,,12,92:01,1,2,17
142,Ст1_ИП1.1_kvar_L2,1,1,uid=142,,12,93:01,1,2,17
143,Ст1_ИП1.1_kvar_L3,1,1,uid=143,,12,94:01,1,2,17
144,Ст1_ИП1.1_kVA_L1,1,1,uid=144,,12,95:01,1,2,18
145,Ст1_ИП1.1_kVA_L2,1,1,uid=145,,12,96:01,1,2,18
146,Ст1_ИП1.1_kVA_L3,1,1,uid=146,,12,97:01,1,2,18
147,Ст1_ИП1.1_total_kW,1,1,uid=147,,12,98:01,1,2,16
148,Ст1_ИП1.1_total_kvar,1,1,uid=148,,12,99:01,1,2,17
149,Ст1_ИП1.1_total_kVA,1,1,uid=149,,12,100:01,1,2,18
150,Ст1_ИП1.1_101,1,1,uid=150,,12,101:01,1,,
151,Ст1_ИП1.1_102,1,1,uid=151,,12,102:01,1,,
152,Ст1_ИП1.1_103,1,1,uid=152,,12,103:01,1,,
153,Ст1_ИП1.1_104,1,1,uid=153,,12,104:01,1,,
154,Ст1_ИП1.1_105,1,1,uid=154,,12,105:01,1,,
155,Ст1_ИП1.1_106,1,1,uid=155,,12,106:01,1,,
156,Ст1_ИП1.1_107,1,1,uid=156,,12,107:01,1,,
157,Ст1_ИП1.1_108,1,1,uid=157,,12,108:01,1,,
158,Ст1_ИП1.1_109,1,1,uid=158,,12,109:01,1,,
159,Ст1_ИП1.1_110,1,1,uid=159,,12,110:01,1,,
160,Ст1_ИП1.1_111,1,1,uid=160,,12,111:01,1,,
161,Ст1_ИП1.1_112,1,1,uid=161,,12,112:01,1,,
162,Ст1_ИП1.1_113,1,1,uid=162,,12,113:01,1,,
163,Ст1_ИП1.1_114,1,1,uid=163,,12,114:01,1,,
164,Ст1_ИП1.1_115,1,1,uid=164,,12,115:01,1,,
165,Ст1_ИП1.1_116,1,1,uid=165,,12,116:01,1,,
166,Ст1_ИП1.1_117,1,1,uid=166,,12,117:01,1,,
167,Ст1_ИП1.1_118,1,1,uid=167,,12,118:01,1,,
168,Ст1_ИП1.1_119,1,1,uid=168,,12,119:01,1,,
169,Ст1_ИП1.2_I_Гарм1,1,1,uid=169,,13,00:01,1,2,4
170,Ст1_ИП1.2_I_Гарм2,1,1,uid=170,,13,01:01,1,2,4
171,Ст1_ИП1.2_I_Гарм3,1,1,uid=171,,13,02:01,1,2,4
172,Ст1_ИП1.2_I_Гарм4,1,1,uid=172,,13,03:01,1,2,4
173,Ст1_ИП1.2_I_Гарм5,1,1,uid=173,,13,04:01,1,2,4
174,Ст1_ИП1.2_I_Гарм6,1,1,uid=174,,13,05:01,1,2,4
175,Ст1_ИП1.2_I_Гарм7,1,1,uid=175,,13,06:01,1,2,4
176,Ст1_ИП1.2_I_Гарм8,1,1,uid=176,,13,07:01,1,2,4
177,Ст1_ИП1.2_I_Гарм9,1,1,uid=177,,13,08:01,1,2,4
178,Ст1_ИП1.2_I_Гарм10,1,1,uid=178,,13,09:01,1,2,4
179,Ст1_ИП1.2_I_Гарм11,1,1,uid=179,,13,10:01,1,2,4
180,Ст1_ИП1.2_I_Гарм12,1,1,uid=180,,13,11:01,1,2,4
181,Ст1_ИП1.2_I_Гарм13,1,1,uid=181,,13,12:01,1,2,4
182,Ст1_ИП1.2_I_Гарм14,1,1,uid=182,,13,13:01,1,2,4
183,Ст1_ИП1.2_I_Гарм15,1,1,uid=183,,13,14:01,1,2,4
184,Ст1_ИП1.2_I_Гарм16,1,1,uid=184,,13,15:01,1,2,4
185,Ст1_ИП1.2_I_Гарм17,1,1,uid=185,,13,16:01,1,2,4
186,Ст1_ИП1.2_I_Гарм18,1,1,uid=186,,13,17:01,1,2,4
187,Ст1_ИП1.2_I_Гарм19,1,1,uid=187,,13,18:01,1,2,4
188,Ст1_ИП1.2_I_Гарм20,1,1,uid=188,,13,19:01,1,2,4
189,Ст1_ИП1.2_I_Гарм21,1,1,uid=189,,13,20:01,1,2,4
190,Ст1_ИП1.2_I_Гарм22,1,1,uid=190,,13,21:01,1,2,4
191,Ст1_ИП1.2_I_Гарм23,1,1,uid=191,,13,22:01,1,2,4
192,Ст1_ИП1.2_I_Гарм24,1,1,uid=192,,13,23:01,1,2,4
193,Ст1_ИП1.2_I_Гарм25,1,1,uid=193,,13,24:01,1,2,4
194,Ст1_ИП1.2_I_Гарм26,1,1,uid=194,,13,25:01,1,2,4
195,Ст1_ИП1.2_I_Гарм27,1,1,uid=195,,13,26:01,1,2,4
196,Ст1_ИП1.2_I_Гарм28,1,1,uid=196,,13,27:01,1,2,4
197,Ст1_ИП1.2_I_Гарм29,1,1,uid=197,,13,28:01,1,2,4
198,Ст1_ИП1.2_I_Гарм30,1,1,uid=198,,13,29:01,1,2,4
199,Ст1_ИП1.2_I_Гарм31,1,1,uid=199,,13,30:01,1,2,4
200,Ст1_ИП1.2_I_Гарм32,1,1,uid=200,,13,31:01,1,2,4
201,Ст1_ИП1.2_I_Гарм33,1,1,uid=201,,13,32:01,1,2,4
202,Ст1_ИП1.2_I_Гарм34,1,1,uid=202,,13,33:01,1,2,4
203,Ст1_ИП1.2_I_Гарм35,1,1,uid=203,,13,34:01,1,2,4
204,Ст1_ИП1.2_I_Гарм36,1,1,uid=204,,13,35:01,1,2,4
205,Ст1_ИП1.2_I_Гарм37,1,1,uid=205,,13,36:01,1,2,4
206,Ст1_ИП1.2_I_Гарм38,1,1,uid=206,,13,37:01,1,2,4
207,Ст1_ИП1.2_I_Гарм39,1,1,uid=207,,13,38:01,1,2,4
208,Ст1_ИП1.2_I_Гарм40,1,1,uid=208,,13,39:01,1,2,4
209,Ст1_ИП1.2_U_Гарм1,1,1,uid=209,,13,40:01,1,2,4
210,Ст1_ИП1.2_U_Гарм2,1,1,uid=210,,13,41:01,1,2,4
211,Ст1_ИП1.2_U_Гарм3,1,1,uid=211,,13,42:01,1,2,4
212,Ст1_ИП1.2_U_Гарм4,1,1,uid=212,,13,43:01,1,2,4
213,Ст1_ИП1.2_U_Гарм5,1,1,uid=213,,13,44:01,1,2,4
214,Ст1_ИП1.2_U_Гарм6,1,1,uid=214,,13,45:01,1,2,4
215,Ст1_ИП1.2_U_Гарм7,1,1,uid=215,,13,46:01,1,2,4
216,Ст1_ИП1.2_U_Гарм8,1,1,uid=216,,13,47:01,1,2,4
217,Ст1_ИП1.2_U_Гарм9,1,1,uid=217,,13,48:01,1,2,4
218,Ст1_ИП1.2_U_Гарм10,1,1,uid=218,,13,49:01,1,2,4
219,Ст1_ИП1.2_U_Гарм11,1,1,uid=219,,13,50:01,1,2,4
220,Ст1_ИП1.2_U_Гарм12,1,1,uid=220,,13,51:01,1,2,4
221,Ст1_ИП1.2_U_Гарм13,1,1,uid=221,,13,52:01,1,2,4
222,Ст1_ИП1.2_U_Гарм14,1,1,uid=222,,13,53:01,1,2,4
223,Ст1_ИП1.2_U_Гарм15,1,1,uid=223,,13,54:01,1,2,4
224,Ст1_ИП1.2_U_Гарм16,1,1,uid=224,,13,55:01,1,2,4
225,Ст1_ИП1.2_U_Гарм17,1,1,uid=225,,13,56:01,1,2,4
226,Ст1_ИП1.2_U_Гарм18,1,1,uid=226,,13,57:01,1,2,4
227,Ст1_ИП1.2_U_Гарм19,1,1,uid=227,,13,58:01,1,2,4
228,Ст1_ИП1.2_U_Гарм20,1,1,uid=228,,13,59:01,1,2,4
229,Ст1_ИП1.2_U_Гарм21,1,1,uid=229,,13,60:01,1,2,4
230,Ст1_ИП1.2_U_Гарм22,1,1,uid=230,,13,61:01,1,2,4
231,Ст1_ИП1.2_U_Гарм23,1,1,uid=231,,13,62:01,1,2,4
232,Ст1_ИП1.2_U_Гарм24,1,1,uid=232,,13,63:01,1,2,4
233,Ст1_ИП1.2_U_Гарм25,1,1,uid=233,,13,64:01,1,2,4
234,Ст1_ИП1.2_U_Гарм26,1,1,uid=234,,13,65:01,1,2,4
235,Ст1_ИП1.2_U_Гарм27,1,1,uid=235,,13,66:01,1,2,4
236,Ст1_ИП1.2_U_Гарм28,1,1,uid=236,,13,67:01,1,2,4
237,Ст1_ИП1.2_U_Гарм29,1,1,uid=237,,13,68:01,1,2,4
238,Ст1_ИП1.2_U_Гарм30,1,1,uid=238,,13,69:01,1,2,4
239,Ст1_ИП1.2_U_Гарм31,1,1,uid=239,,13,70:01,1,2,4
240,Ст1_ИП1.2_U_Гарм32,1,1,uid=240,,13,71:01,1,2,4
241,Ст1_ИП1.2_U_Гарм33,1,1,uid=241,,13,72:01,1,2,4
242,Ст1_ИП1.2_U_Гарм34,1,1,uid=242,,13,73:01,1,2,4
243,Ст1_ИП1.2_U_Гарм35,1,1,uid=243,,13,74:01,1,2,4
244,Ст1_ИП1.2_U_Гарм36,1,1,uid=244,,13,75:01,1,2,4
245,Ст1_ИП1.2_U_Гарм37,1,1,uid=245,,13,76:01,1,2,4
246,Ст1_ИП1.2_U_Гарм38,1,1,uid=246,,13,77:01,1,2,4
247,Ст1_ИП1.2_U_Гарм39,1,1,uid=247,,13,78:01,1,2,4
248,Ст1_ИП1.2_U_Гарм40,1,1,uid=248,,13,79:01,1,2,4
249,Ст1_ИП1.2_V1,1,1,uid=249,,13,80:01,1,2,15
250,Ст1_ИП1.2_V2,1,1,uid=250,,13,81:01,1,2,15
251,Ст1_ИП1.2_V3,1,1,uid=251,,13,82:01,1,2,15
252,Ст1_ИП1.2_V12,1,1,uid=252,,13,83:01,1,2,15
253,Ст1_ИП1.2_V23,1,1,uid=253,,13,84:01,1,2,15
254,Ст1_ИП1.2_V31,1,1,uid=254,,13,85:01,1,2,15
255,Ст1_ИП1.2_I1,1,1,uid=255,,13,86:01,1,2,14
256,Ст1_ИП1.2_I2,1,1,uid=256,,13,87:01,1,2,14
257,Ст1_ИП1.2_I3,1,1,uid=257,,13,88:01,1,2,14
258,Ст1_ИП1.2_kW_L1,1,1,uid=258,,13,89:01,1,2,16
259,Ст1_ИП1.2_kW_L2,1,1,uid=259,,13,90:01,1,2,16
260,Ст1_ИП1.2_kW_L3,1,1,uid=260,,13,91:01,1,2,16
261,Ст1_ИП1.2_kvar_L1,1,1,uid=261,,13,92:01,1,2,17
262,Ст1_ИП1.2_kvar_L2,1,1,uid=262,,13,93:01,1,2,17
263,Ст1_ИП1.2_kvar_L3,1,1,uid=263,,13,94:01,1,2,17
264,Ст1_ИП1.2_kVA_L1,1,1,uid=264,,13,95:01,1,2,18
265,Ст1_ИП1.2_kVA_L2,1,1,uid=265,,13,96:01,1,2,18
266,Ст1_ИП1.2_kVA_L3,1,1,uid=266,,13,97:01,1,2,18
267,Ст1_ИП1.2_total_kW,1,1,uid=267,,13,98:01,1,2,16
268,Ст1_ИП1.2_total_kvar,1,1,uid=268,,13,99:01,1,2,17
269,Ст1_ИП1.2_total_kVA,1,1,uid=269,,13,100:01,1,2,18
270,Ст1_ИП1.2_101,1,1,uid=270,,13,101:01,1,,
271,Ст1_ИП1.2_102,1,1,uid=271,,13,102:01,1,,
272,Ст1_ИП1.2_103,1,1,uid=272,,13,103:01,1,,
273,Ст1_ИП1.2_104,1,1,uid=273,,13,104:01,1,,
274,Ст1_ИП1.2_105,1,1,uid=274,,13,105:01,1,,
275,Ст1_ИП1.2_106,1,1,uid=275,,13,106:01,1,,
276,Ст1_ИП1.2_107,1,1,uid=276,,13,107:01,1,,
277,Ст1_ИП1.2_108,1,1,uid=277,,13,108:01,1,,
278,Ст1_ИП1.2_109,1,1,uid=278,,13,109:01,1,,
279,Ст1_ИП1.2_110,1,1,uid=279,,13,110:01,1,,
280,Ст1_ИП1.2_111,1,1,uid=280,,13,111:01,1,,
281,Ст1_ИП1.2_112,1,1,uid=281,,13,112:01,1,,
282,Ст1_ИП1.2_113,1,1,uid=282,,13,113:01,1,,
283,Ст1_ИП1.2_114,1,1,uid=283,,13,114:01,1,,
284,Ст1_ИП1.2_115,1,1,uid=284,,13,115:01,1,,
285,Ст1_ИП1.2_116,1,1,uid=285,,13,116:01,1,,
286,Ст1_ИП1.2_117,1,1,uid=286,,13,117:01,1,,
287,Ст1_ИП1.2_118,1,1,uid=287,,13,118:01,1,,
288,Ст1_ИП1.2_119,1,1,uid=288,,13,119:01,1,,
289,Ст1_ПЧ1_OnOff,1,1,uid=289,,14,49999:01,1,1,11
290,Ст1_ПЧ1_1,1,1,uid=290,,14,,1,,
291,Ст1_ПЧ1_2,1,1,uid=291,,14,,1,,
292,Ст1_ПЧ1_3,1,1,uid=292,,14,,1,,
293,Ст1_ПЧ1_4,1,1,uid=293,,14,,1,,
294,Ст1_ПЧ1_5,1,1,uid=294,,14,,1,,
295,Ст1_ПЧ1_6,1,1,uid=295,,14,,1,,
296,Ст1_ПЧ1_7,1,1,uid=296,,14,,1,,
297,Ст1_ПЧ1_8,1,1,uid=297,,14,,1,,
298,Ст1_ПЧ1_9,1,1,uid=298,,14,,1,,
299,Ст1_ИП2_Iвх_x1-x2,1,1,uid=299,,dev2/ai0,-10:10:600,2,2,24
300,Ст1_ИП2_Uвх_x3-x4,1,1,uid=300,,dev2/ai1,-10:10:600,2,2,9
301,Ст1_ИП2_OnOff_x5-x6,1,1,uid=301,,,,,,
302,Ст1_НТ3_R,1,1,uid=302,,4:3:2:1,,4,5,7
303,Ст1_НТ3_L,1,1,uid=303,,8:7:6:4,,4,5,5
304,Ст1_НТ3_C,1,1,uid=304,,44:43:42:41,,4,5,5
305,Ст1_ИП2_Iвх_async,1,1,uid=305,"0,1:true",dev2/ai0,-10:10:600,2,2,24
306,Ст1_ИП1.1_Гарм_I,1,1,uid=306,,50:49:50:50:51:51:52:52:53:53:54:54:55:55:56:56:57:57:58:58:59:59:60:60:61:61:62:62:63:63:64:64:65:65:66:66:67:67:68:69:70:68:69:70:71:69:70:71:72:70:71:72:73:71:72:73:74:72:73:74:75:73:74:75:76:74:75:76:77:75:76:77:78:76:77:78:79:77:78:79:80:78:79:80:81:82:83:84:85:86:87:88,,4,2,6
307,Ст1_ИП1.1_Гарм_U,1,1,uid=307,,"170:169:170:171:172:173:174:175:176:177:178:179:180:181:182:183:184:185:186:187:188:189:190:191:192:193:194:195:196:197:198:199:200:201:202:203:204:205:206:207:208
",,4,2,6
308,Ст1_uid=308,1,1,uid=308,,,,,,
309,Ст1_uid=309,1,1,uid=309,,,,,,
310,Ст1_uid=310,1,1,uid=310,,,,,,
311,Ст1_uid=311,1,1,uid=311,,,,,,
312,Ст1_uid=312,1,1,uid=312,,,,,,
313,Ст1_uid=313,1,1,uid=313,,,,,,
314,Ст1_uid=314,1,1,uid=314,,,,,,
315,Ст1_uid=315,1,1,uid=315,,,,,,
316,Ст1_uid=316,1,1,uid=316,,,,,,
317,Ст1_uid=317,1,1,uid=317,,,,,,
318,Ст1_uid=318,1,1,uid=318,,,,,,
319,Ст2_ТС2_0,2,1,uid=319,,20,00:01,1,1,1
320,Ст2_ТС2_1,2,1,uid=320,,20,01:01,1,1,1
321,Ст2_ТС2_2,2,1,uid=321,,20,02:01,1,1,1
322,Ст2_ТС2_3,2,1,uid=322,,20,03:01,1,1,1
323,Ст2_ТС2_4,2,1,uid=323,,20,04:01,1,1,1
324,Ст2_ТС2_5,2,1,uid=324,,20,05:01,1,1,1
325,Ст2_ТС2_6,2,1,uid=325,,20,06:01,1,1,1
326,Ст2_ТС2_7,2,1,uid=326,,20,07:01,1,1,1
327,Ст2_ТС2_8,2,1,uid=327,,21,00:01,1,1,1
328,Ст2_ТС2_9,2,1,uid=328,,21,01:01,1,1,1
329,Ст2_ТС2_10,2,1,uid=329,,21,02:01,1,1,1
330,Ст2_ТС2_11,2,1,uid=330,,21,03:01,1,1,1
331,Ст2_uid=331,2,1,uid=331,,21,04:01,1,1,1
332,Ст2_uid=332,2,1,uid=332,,21,05:01,1,1,1
333,Ст2_uid=333,2,1,uid=333,,21,06:01,1,1,1
334,Ст2_uid=334,2,1,uid=334,,21,07:01,1,1,1
335,Ст2_ШС2_Q1,2,1,uid=335,,22,00:01,1,1,1
336,Ст2_ШС2_Q2,2,1,uid=336,,22,01:01,1,1,1
337,Ст2_ШС2_Q3,2,1,uid=337,,22,02:01,1,1,1
338,Ст2_ШС2_Q4,2,1,uid=338,,22,03:01,1,1,1
339,Ст2_ШС2_Q7,2,1,uid=339,,22,04:01,1,1,1
340,Ст2_ШС2_Q6,2,1,uid=340,,22,05:01,1,1,1
341,Ст2_ШС2_Q8,2,1,uid=341,,22,06:01,1,1,1
342,Ст2_ШС2_Q9,2,1,uid=342,,22,07:01,1,1,1
343,Ст2_ШС2_Q5,2,1,uid=343,,23,00:01,1,1,1
344,Ст2_ШС2_Q10,2,1,uid=344,,23,01:01,1,1,1
345,Ст2_ШС2_x45x46,2,1,uid=345,,23,02:01,1,1,1
346,Ст2_uid=346,2,1,uid=346,,23,03:01,1,1,1
347,Ст2_uid=347,2,1,uid=347,,23,04:01,1,1,1
348,Ст2_uid=348,2,1,uid=348,,23,05:01,1,1,1
349,Ст2_uid=349,2,1,uid=349,,23,06:01,1,1,1
350,Ст2_uid=350,2,1,uid=350,,23,07:01,1,1,1
351,Ст2_РР_1,2,1,uid=351,,24,00:01,1,1,1
352,Ст2_РР_2,2,1,uid=352,,24,01:01,1,1,1
353,Ст2_РР_3,2,1,uid=353,,24,02:01,1,1,1
354,Ст2_РР_4,2,1,uid=354,,24,03:01,1,1,1
355,Ст2_uid=355,2,1,uid=355,,24,04:01,1,1,1
356,Ст2_uid=356,2,1,uid=356,,24,05:01,1,1,1
357,Ст2_uid=357,2,1,uid=357,,24,06:01,1,1,1
358,Ст2_uid=358,2,1,uid=358,,24,07:01,1,1,1
359,Ст2_ИП1.2_I_Гарм1,2,1,uid=359,,25,00:01,1,2,4
360,Ст2_ИП1.2_I_Гарм2,2,1,uid=360,,25,01:01,1,2,4
361,Ст2_ИП1.2_I_Гарм3,2,1,uid=361,,25,02:01,1,2,4
362,Ст2_ИП1.2_I_Гарм4,2,1,uid=362,,25,03:01,1,2,4
363,Ст2_ИП1.2_I_Гарм5,2,1,uid=363,,25,04:01,1,2,4
364,Ст2_ИП1.2_I_Гарм6,2,1,uid=364,,25,05:01,1,2,4
365,Ст2_ИП1.2_I_Гарм7,2,1,uid=365,,25,06:01,1,2,4
366,Ст2_ИП1.2_I_Гарм8,2,1,uid=366,,25,07:01,1,2,4
367,Ст2_ИП1.2_I_Гарм9,2,1,uid=367,,25,08:01,1,2,4
368,Ст2_ИП1.2_I_Гарм10,2,1,uid=368,,25,09:01,1,2,4
369,Ст2_ИП1.2_I_Гарм11,2,1,uid=369,,25,10:01,1,2,4
370,Ст2_ИП1.2_I_Гарм12,2,1,uid=370,,25,11:01,1,2,4
371,Ст2_ИП1.2_I_Гарм13,2,1,uid=371,,25,12:01,1,2,4
372,Ст2_ИП1.2_I_Гарм14,2,1,uid=372,,25,13:01,1,2,4
373,Ст2_ИП1.2_I_Гарм15,2,1,uid=373,,25,14:01,1,2,4
374,Ст2_ИП1.2_I_Гарм16,2,1,uid=374,,25,15:01,1,2,4
375,Ст2_ИП1.2_I_Гарм17,2,1,uid=375,,25,16:01,1,2,4
376,Ст2_ИП1.2_I_Гарм18,2,1,uid=376,,25,17:01,1,2,4
377,Ст2_ИП1.2_I_Гарм19,2,1,uid=377,,25,18:01,1,2,4
378,Ст2_ИП1.2_I_Гарм20,2,1,uid=378,,25,19:01,1,2,4
379,Ст2_ИП1.2_I_Гарм21,2,1,uid=379,,25,20:01,1,2,4
380,Ст2_ИП1.2_I_Гарм22,2,1,uid=380,,25,21:01,1,2,4
381,Ст2_ИП1.2_I_Гарм23,2,1,uid=381,,25,22:01,1,2,4
382,Ст2_ИП1.2_I_Гарм24,2,1,uid=382,,25,23:01,1,2,4
383,Ст2_ИП1.2_I_Гарм25,2,1,uid=383,,25,24:01,1,2,4
384,Ст2_ИП1.2_I_Гарм26,2,1,uid=384,,25,25:01,1,2,4
385,Ст2_ИП1.2_I_Гарм27,2,1,uid=385,,25,26:01,1,2,4
386,Ст2_ИП1.2_I_Гарм28,2,1,uid=386,,25,27:01,1,2,4
387,Ст2_ИП1.2_I_Гарм29,2,1,uid=387,,25,28:01,1,2,4
388,Ст2_ИП1.2_I_Гарм30,2,1,uid=388,,25,29:01,1,2,4
389,Ст2_ИП1.2_I_Гарм31,2,1,uid=389,,25,30:01,1,2,4
390,Ст2_ИП1.2_I_Гарм32,2,1,uid=390,,25,31:01,1,2,4
391,Ст2_ИП1.2_I_Гарм33,2,1,uid=391,,25,32:01,1,2,4
392,Ст2_ИП1.2_I_Гарм34,2,1,uid=392,,25,33:01,1,2,4
393,Ст2_ИП1.2_I_Гарм35,2,1,uid=393,,25,34:01,1,2,4
394,Ст2_ИП1.2_I_Гарм36,2,1,uid=394,,25,35:01,1,2,4
395,Ст2_ИП1.2_I_Гарм37,2,1,uid=395,,25,36:01,1,2,4
396,Ст2_ИП1.2_I_Гарм38,2,1,uid=396,,25,37:01,1,2,4
397,Ст2_ИП1.2_I_Гарм39,2,1,uid=397,,25,38:01,1,2,4
398,Ст2_ИП1.2_I_Гарм40,2,1,uid=398,,25,39:01,1,2,4
399,Ст2_ИП1.2_U_Гарм1,2,1,uid=399,,25,40:01,1,2,4
400,Ст2_ИП1.2_U_Гарм2,2,1,uid=400,,25,41:01,1,2,4
401,Ст2_ИП1.2_U_Гарм3,2,1,uid=401,,25,42:01,1,2,4
402,Ст2_ИП1.2_U_Гарм4,2,1,uid=402,,25,43:01,1,2,4
403,Ст2_ИП1.2_U_Гарм5,2,1,uid=403,,25,44:01,1,2,4
404,Ст2_ИП1.2_U_Гарм6,2,1,uid=404,,25,45:01,1,2,4
405,Ст2_ИП1.2_U_Гарм7,2,1,uid=405,,25,46:01,1,2,4
406,Ст2_ИП1.2_U_Гарм8,2,1,uid=406,,25,47:01,1,2,4
407,Ст2_ИП1.2_U_Гарм9,2,1,uid=407,,25,48:01,1,2,4
408,Ст2_ИП1.2_U_Гарм10,2,1,uid=408,,25,49:01,1,2,4
409,Ст2_ИП1.2_U_Гарм11,2,1,uid=409,,25,50:01,1,2,4
410,Ст2_ИП1.2_U_Гарм12,2,1,uid=410,,25,51:01,1,2,4
411,Ст2_ИП1.2_U_Гарм13,2,1,uid=411,,25,52:01,1,2,4
412,Ст2_ИП1.2_U_Гарм14,2,1,uid=412,,25,53:01,1,2,4
413,Ст2_ИП1.2_U_Гарм15,2,1,uid=413,,25,54:01,1,2,4
414,Ст2_ИП1.2_U_Гарм16,2,1,uid=414,,25,55:01,1,2,4
415,Ст2_ИП1.2_U_Гарм17,2,1,uid=415,,25,56:01,1,2,4
416,Ст2_ИП1.2_U_Гарм18,2,1,uid=416,,25,57:01,1,2,4
417,Ст2_ИП1.2_U_Гарм19,2,1,uid=417,,25,58:01,1,2,4
418,Ст2_ИП1.2_U_Гарм20,2,1,uid=418,,25,59:01,1,2,4
419,Ст2_ИП1.2_U_Гарм21,2,1,uid=419,,25,60:01,1,2,4
420,Ст2_ИП1.2_U_Гарм22,2,1,uid=420,,25,61:01,1,2,4
421,Ст2_ИП1.2_U_Гарм23,2,1,uid=421,,25,62:01,1,2,4
422,Ст2_ИП1.2_U_Гарм24,2,1,uid=422,,25,63:01,1,2,4
423,Ст2_ИП1.2_U_Гарм25,2,1,uid=423,,25,64:01,1,2,4
424,Ст2_ИП1.2_U_Гарм26,2,1,uid=424,,25,65:01,1,2,4
425,Ст2_ИП1.2_U_Гарм27,2,1,uid=425,,25,66:01,1,2,4
426,Ст2_ИП1.2_U_Гарм28,2,1,uid=426,,25,67:01,1,2,4
427,Ст2_ИП1.2_U_Гарм29,2,1,uid=427,,25,68:01,1,2,4
428,Ст2_ИП1.2_U_Гарм30,2,1,uid=428,,25,69:01,1,2,4
429,Ст2_ИП1.2_U_Гарм31,2,1,uid=429,,25,70:01,1,2,4
430,Ст2_ИП1.2_U_Гарм32,2,1,uid=430,,25,71:01,1,2,4
431,Ст2_ИП1.2_U_Гарм33,2,1,uid=431,,25,72:01,1,2,4
432,Ст2_ИП1.2_U_Гарм34,2,1,uid=432,,25,73:01,1,2,4
433,Ст2_ИП1.2_U_Гарм35,2,1,uid=433,,25,74:01,1,2,4
434,Ст2_ИП1.2_U_Гарм36,2,1,uid=434,,25,75:01,1,2,4
435,Ст2_ИП1.2_U_Гарм37,2,1,uid=435,,25,76:01,1,2,4
436,Ст2_ИП1.2_U_Гарм38,2,1,uid=436,,25,77:01,1,2,4
437,Ст2_ИП1.2_U_Гарм39,2,1,uid=437,,25,78:01,1,2,4
438,Ст2_ИП1.2_U_Гарм40,2,1,uid=438,,25,79:01,1,2,4
439,Ст2_ИП1.2_V1,2,1,uid=439,,25,80:01,1,2,15
440,Ст2_ИП1.2_V2,2,1,uid=440,,25,81:01,1,2,15
441,Ст2_ИП1.2_V3,2,1,uid=441,,25,82:01,1,2,15
442,Ст2_ИП1.2_V12,2,1,uid=442,,25,83:01,1,2,15
443,Ст2_ИП1.2_V23,2,1,uid=443,,25,84:01,1,2,15
444,Ст2_ИП1.2_V31,2,1,uid=444,,25,85:01,1,2,15
445,Ст2_ИП1.2_I1,2,1,uid=445,,25,86:01,1,2,14
446,Ст2_ИП1.2_I2,2,1,uid=446,,25,87:01,1,2,14
447,Ст2_ИП1.2_I3,2,1,uid=447,,25,88:01,1,2,14
448,Ст2_ИП1.2_kW_L1,2,1,uid=448,,25,89:01,1,2,16
449,Ст2_ИП1.2_kW_L2,2,1,uid=449,,25,90:01,1,2,16
450,Ст2_ИП1.2_kW_L3,2,1,uid=450,,25,91:01,1,2,16
451,Ст2_ИП1.2_kvar_L1,2,1,uid=451,,25,92:01,1,2,17
452,Ст2_ИП1.2_kvar_L2,2,1,uid=452,,25,93:01,1,2,17
453,Ст2_ИП1.2_kvar_L3,2,1,uid=453,,25,94:01,1,2,17
454,Ст2_ИП1.2_kVA_L1,2,1,uid=454,,25,95:01,1,2,18
455,Ст2_ИП1.2_kVA_L2,2,1,uid=455,,25,96:01,1,2,18
456,Ст2_ИП1.2_kVA_L3,2,1,uid=456,,25,97:01,1,2,18
457,Ст2_ИП1.2_total_kW,2,1,uid=457,,25,98:01,1,2,16
458,Ст2_ИП1.2_total_kvar,2,1,uid=458,,25,99:01,1,2,17
459,Ст2_ИП1.2_total_kVA,2,1,uid=459,,25,100:01,1,2,18
460,Ст2_ИП1.2_101,2,1,uid=460,,25,101:01,1,,
461,Ст2_ИП1.2_102,2,1,uid=461,,25,102:01,1,,
462,Ст2_ИП1.2_103,2,1,uid=462,,25,103:01,1,,
463,Ст2_ИП1.2_104,2,1,uid=463,,25,104:01,1,,
464,Ст2_ИП1.2_105,2,1,uid=464,,25,105:01,1,,
465,Ст2_ИП1.2_106,2,1,uid=465,,25,106:01,1,,
466,Ст2_ИП1.2_107,2,1,uid=466,,25,107:01,1,,
467,Ст2_ИП1.2_108,2,1,uid=467,,25,108:01,1,,
468,Ст2_ИП1.2_109,2,1,uid=468,,25,109:01,1,,
469,Ст2_ИП1.2_110,2,1,uid=469,,25,110:01,1,,
470,Ст2_ИП1.2_111,2,1,uid=470,,25,111:01,1,,
471,Ст2_ИП1.2_112,2,1,uid=471,,25,112:01,1,,
472,Ст2_ИП1.2_113,2,1,uid=472,,25,113:01,1,,
473,Ст2_ИП1.2_114,2,1,uid=473,,25,114:01,1,,
474,Ст2_ИП1.2_115,2,1,uid=474,,25,115:01,1,,
475,Ст2_ИП1.2_116,2,1,uid=475,,25,116:01,1,,
476,Ст2_ИП1.2_117,2,1,uid=476,,25,117:01,1,,
477,Ст2_ИП1.2_118,2,1,uid=477,,25,118:01,1,,
478,Ст2_ИП1.2_119,2,1,uid=478,,25,119:01,1,,
479,Ст2_ИП3_х15-х14,2,1,uid=479,,dev1/port0/line0,dev1/port0/line0,3,1,2
480,Ст2_ИП3_AI0,2,1,uid=480,,dev1/ai0,00:10:05,2,2,24
481,Ст2_ИП3_AI1,2,1,uid=481,,dev1/ai1,00:10,2,2,24
482,Ст2_ИП3_AI2,2,1,uid=482,,dev1/ai2,00:10,2,2,24
483,Ст2_ИП3_AI3,2,1,uid=483,,dev1/ai3,00:10,2,2,24
484,Ст2_uid=484,2,1,uid=484,,,,,,
485,Ст2_uid=485,2,1,uid=485,,,,,,
486,Ст2_uid=486,2,1,uid=486,,,,,,
487,Ст2_uid=487,2,1,uid=487,,,,,,
488,Ст2_uid=488,2,1,uid=488,,,,,,
489,Ст2_uid=489,2,1,uid=489,,,,,,
490,Ст2_uid=490,2,1,uid=490,,,,,,
491,Ст2_uid=491,2,1,uid=491,,,,,,
492,Ст2_uid=492,2,1,uid=492,,,,,,
493,Ст2_uid=493,2,1,uid=493,,,,,,
494,Ст2_uid=494,2,1,uid=494,,,,,,
495,Ст2_uid=495,2,1,uid=495,,,,,,
496,Ст2_uid=496,2,1,uid=496,,,,,,
497,Ст2_uid=497,2,1,uid=497,,,,,,
498,Ст2_uid=498,2,1,uid=498,,,,,,
499,Ст3_ШС2_Q1,3,1,uid=499,,40,00:01,1,1,1
500,Ст3_ШС2_Q2,3,1,uid=500,,40,01:01,1,1,1
501,Ст3_ШС2_Q3,3,1,uid=501,,40,02:01,1,1,1
502,Ст3_ШС2_Q4,3,1,uid=502,,40,03:01,1,1,1
503,Ст3_ШС2_Q5,3,1,uid=503,,40,04:01,1,1,1
504,Ст3_ШС2_Q6,3,1,uid=504,,40,05:01,1,1,1
505,Ст3_ШС2_Q7,3,1,uid=505,,40,06:01,1,1,1
506,Ст3_ШС2_Q8,3,1,uid=506,,40,07:01,1,1,1
507,Ст3_ШС2_Q9,3,1,uid=507,,41,00:01,1,1,1
508,Ст3_ШС2_Q10,3,1,uid=508,,41,01:01,1,1,1
509,Ст3_uid=509,3,1,uid=509,,41,02:01,1,1,1
510,Ст3_uid=510,3,1,uid=510,,41,03:01,1,1,1
511,Ст3_uid=511,3,1,uid=511,,41,04:01,1,1,1
512,Ст3_uid=512,3,1,uid=512,,41,05:01,1,1,1
513,Ст3_uid=513,3,1,uid=513,,41,06:01,1,1,1
514,Ст3_uid=514,3,1,uid=514,,41,07:01,1,1,1
515,Ст3_ТП_Q1,3,1,uid=515,,42,00:01,1,1,1
516,Ст3_ТП_Q2,3,1,uid=516,,42,01:01,1,1,1
517,Ст3_ТП_Q3,3,1,uid=517,,42,02:01,1,1,1
518,Ст3_ТП_Q4,3,1,uid=518,,42,03:01,1,1,1
519,Ст3_ТП_Q5,3,1,uid=519,,42,04:01,1,1,1
520,Ст3_ТП_Q6,3,1,uid=520,,42,05:01,1,1,1
521,Ст3_uid=521,3,1,uid=521,,42,06:01,1,1,1
522,Ст3_uid=522,3,1,uid=522,,42,07:01,1,1,1
523,Ст3_ТП_Инд_KV1,3,1,uid=523,,43,04:00,1,1,13
524,Ст3_ТП_Инд_KV2,3,1,uid=524,,43,04:01,1,1,13
525,Ст3_ТП_Инд_Q1,3,1,uid=525,,43,04:02,1,1,13
526,Ст3_ТП_Инд_Q3,3,1,uid=526,,43,04:03,1,1,13
527,Ст3_ТП_Инд_Q4,3,1,uid=527,,43,04:04,1,1,13
528,Ст3_ТП_Инд_Q6,3,1,uid=528,,43,04:05,1,1,13
529,Ст3_ТП_Инд_Q5,3,1,uid=529,,43,04:06,1,1,13
530,Ст3_МВ110-8ДФ_8,3,1,uid=530,,43,04:07,1,1,13
531,Ст3_НТ3_L1,3,1,uid=531,,44,00:01,1,1,1
532,Ст3_НТ3_L2,3,1,uid=532,,44,01:01,1,1,1
533,Ст3_НТ3_L3,3,1,uid=533,,44,02:01,1,1,1
534,Ст3_НТ3_L4,3,1,uid=534,,44,03:01,1,1,1
535,Ст3_НТ3_R1,3,1,uid=535,,44,04:01,1,1,1
536,Ст3_НТ3_R2,3,1,uid=536,,44,05:01,1,1,1
537,Ст3_НТ3_R3,3,1,uid=537,,44,06:01,1,1,1
538,Ст3_НТ3_R4,3,1,uid=538,,44,07:01,1,1,1
539,Ст3_ИП1.2_I_Гарм1,3,1,uid=539,,45,00:01,1,2,4
540,Ст3_ИП1.2_I_Гарм2,3,1,uid=540,,45,01:01,1,2,4
541,Ст3_ИП1.2_I_Гарм3,3,1,uid=541,,45,02:01,1,2,4
542,Ст3_ИП1.2_I_Гарм4,3,1,uid=542,,45,03:01,1,2,4
543,Ст3_ИП1.2_I_Гарм5,3,1,uid=543,,45,04:01,1,2,4
544,Ст3_ИП1.2_I_Гарм6,3,1,uid=544,,45,05:01,1,2,4
545,Ст3_ИП1.2_I_Гарм7,3,1,uid=545,,45,06:01,1,2,4
546,Ст3_ИП1.2_I_Гарм8,3,1,uid=546,,45,07:01,1,2,4
547,Ст3_ИП1.2_I_Гарм9,3,1,uid=547,,45,08:01,1,2,4
548,Ст3_ИП1.2_I_Гарм10,3,1,uid=548,,45,09:01,1,2,4
549,Ст3_ИП1.2_I_Гарм11,3,1,uid=549,,45,10:01,1,2,4
550,Ст3_ИП1.2_I_Гарм12,3,1,uid=550,,45,11:01,1,2,4
551,Ст3_ИП1.2_I_Гарм13,3,1,uid=551,,45,12:01,1,2,4
552,Ст3_ИП1.2_I_Гарм14,3,1,uid=552,,45,13:01,1,2,4
553,Ст3_ИП1.2_I_Гарм15,3,1,uid=553,,45,14:01,1,2,4
554,Ст3_ИП1.2_I_Гарм16,3,1,uid=554,,45,15:01,1,2,4
555,Ст3_ИП1.2_I_Гарм17,3,1,uid=555,,45,16:01,1,2,4
556,Ст3_ИП1.2_I_Гарм18,3,1,uid=556,,45,17:01,1,2,4
557,Ст3_ИП1.2_I_Гарм19,3,1,uid=557,,45,18:01,1,2,4
558,Ст3_ИП1.2_I_Гарм20,3,1,uid=558,,45,19:01,1,2,4
559,Ст3_ИП1.2_I_Гарм21,3,1,uid=559,,45,20:01,1,2,4
560,Ст3_ИП1.2_I_Гарм22,3,1,uid=560,,45,21:01,1,2,4
561,Ст3_ИП1.2_I_Гарм23,3,1,uid=561,,45,22:01,1,2,4
562,Ст3_ИП1.2_I_Гарм24,3,1,uid=562,,45,23:01,1,2,4
563,Ст3_ИП1.2_I_Гарм25,3,1,uid=563,,45,24:01,1,2,4
564,Ст3_ИП1.2_I_Гарм26,3,1,uid=564,,45,25:01,1,2,4
565,Ст3_ИП1.2_I_Гарм27,3,1,uid=565,,45,26:01,1,2,4
566,Ст3_ИП1.2_I_Гарм28,3,1,uid=566,,45,27:01,1,2,4
567,Ст3_ИП1.2_I_Гарм29,3,1,uid=567,,45,28:01,1,2,4
568,Ст3_ИП1.2_I_Гарм30,3,1,uid=568,,45,29:01,1,2,4
569,Ст3_ИП1.2_I_Гарм31,3,1,uid=569,,45,30:01,1,2,4
570,Ст3_ИП1.2_I_Гарм32,3,1,uid=570,,45,31:01,1,2,4
571,Ст3_ИП1.2_I_Гарм33,3,1,uid=571,,45,32:01,1,2,4
572,Ст3_ИП1.2_I_Гарм34,3,1,uid=572,,45,33:01,1,2,4
573,Ст3_ИП1.2_I_Гарм35,3,1,uid=573,,45,34:01,1,2,4
574,Ст3_ИП1.2_I_Гарм36,3,1,uid=574,,45,35:01,1,2,4
575,Ст3_ИП1.2_I_Гарм37,3,1,uid=575,,45,36:01,1,2,4
576,Ст3_ИП1.2_I_Гарм38,3,1,uid=576,,45,37:01,1,2,4
577,Ст3_ИП1.2_I_Гарм39,3,1,uid=577,,45,38:01,1,2,4
578,Ст3_ИП1.2_I_Гарм40,3,1,uid=578,,45,39:01,1,2,4
579,Ст3_ИП1.2_U_Гарм1,3,1,uid=579,,45,40:01,1,2,4
580,Ст3_ИП1.2_U_Гарм2,3,1,uid=580,,45,41:01,1,2,4
581,Ст3_ИП1.2_U_Гарм3,3,1,uid=581,,45,42:01,1,2,4
582,Ст3_ИП1.2_U_Гарм4,3,1,uid=582,,45,43:01,1,2,4
583,Ст3_ИП1.2_U_Гарм5,3,1,uid=583,,45,44:01,1,2,4
584,Ст3_ИП1.2_U_Гарм6,3,1,uid=584,,45,45:01,1,2,4
585,Ст3_ИП1.2_U_Гарм7,3,1,uid=585,,45,46:01,1,2,4
586,Ст3_ИП1.2_U_Гарм8,3,1,uid=586,,45,47:01,1,2,4
587,Ст3_ИП1.2_U_Гарм9,3,1,uid=587,,45,48:01,1,2,4
588,Ст3_ИП1.2_U_Гарм10,3,1,uid=588,,45,49:01,1,2,4
589,Ст3_ИП1.2_U_Гарм11,3,1,uid=589,,45,50:01,1,2,4
590,Ст3_ИП1.2_U_Гарм12,3,1,uid=590,,45,51:01,1,2,4
591,Ст3_ИП1.2_U_Гарм13,3,1,uid=591,,45,52:01,1,2,4
592,Ст3_ИП1.2_U_Гарм14,3,1,uid=592,,45,53:01,1,2,4
593,Ст3_ИП1.2_U_Гарм15,3,1,uid=593,,45,54:01,1,2,4
594,Ст3_ИП1.2_U_Гарм16,3,1,uid=594,,45,55:01,1,2,4
595,Ст3_ИП1.2_U_Гарм17,3,1,uid=595,,45,56:01,1,2,4
596,Ст3_ИП1.2_U_Гарм18,3,1,uid=596,,45,57:01,1,2,4
597,Ст3_ИП1.2_U_Гарм19,3,1,uid=597,,45,58:01,1,2,4
598,Ст3_ИП1.2_U_Гарм20,3,1,uid=598,,45,59:01,1,2,4
599,Ст3_ИП1.2_U_Гарм21,3,1,uid=599,,45,60:01,1,2,4
600,Ст3_ИП1.2_U_Гарм22,3,1,uid=600,,45,61:01,1,2,4
601,Ст3_ИП1.2_U_Гарм23,3,1,uid=601,,45,62:01,1,2,4
602,Ст3_ИП1.2_U_Гарм24,3,1,uid=602,,45,63:01,1,2,4
603,Ст3_ИП1.2_U_Гарм25,3,1,uid=603,,45,64:01,1,2,4
604,Ст3_ИП1.2_U_Гарм26,3,1,uid=604,,45,65:01,1,2,4
605,Ст3_ИП1.2_U_Гарм27,3,1,uid=605,,45,66:01,1,2,4
606,Ст3_ИП1.2_U_Гарм28,3,1,uid=606,,45,67:01,1,2,4
607,Ст3_ИП1.2_U_Гарм29,3,1,uid=607,,45,68:01,1,2,4
608,Ст3_ИП1.2_U_Гарм30,3,1,uid=608,,45,69:01,1,2,4
609,Ст3_ИП1.2_U_Гарм31,3,1,uid=609,,45,70:01,1,2,4
610,Ст3_ИП1.2_U_Гарм32,3,1,uid=610,,45,71:01,1,2,4
611,Ст3_ИП1.2_U_Гарм33,3,1,uid=611,,45,72:01,1,2,4
612,Ст3_ИП1.2_U_Гарм34,3,1,uid=612,,45,73:01,1,2,4
613,Ст3_ИП1.2_U_Гарм35,3,1,uid=613,,45,74:01,1,2,4
614,Ст3_ИП1.2_U_Гарм36,3,1,uid=614,,45,75:01,1,2,4
615,Ст3_ИП1.2_U_Гарм37,3,1,uid=615,,45,76:01,1,2,4
616,Ст3_ИП1.2_U_Гарм38,3,1,uid=616,,45,77:01,1,2,4
617,Ст3_ИП1.2_U_Гарм39,3,1,uid=617,,45,78:01,1,2,4
618,Ст3_ИП1.2_U_Гарм40,3,1,uid=618,,45,79:01,1,2,4
619,Ст3_ИП1.2_V1,3,1,uid=619,,45,80:01,1,2,15
620,Ст3_ИП1.2_V2,3,1,uid=620,,45,81:01,1,2,15
621,Ст3_ИП1.2_V3,3,1,uid=621,,45,82:01,1,2,15
622,Ст3_ИП1.2_V12,3,1,uid=622,,45,83:01,1,2,15
623,Ст3_ИП1.2_V23,3,1,uid=623,,45,84:01,1,2,15
624,Ст3_ИП1.2_V31,3,1,uid=624,,45,85:01,1,2,15
625,Ст3_ИП1.2_I1,3,1,uid=625,,45,86:01,1,2,14
626,Ст3_ИП1.2_I2,3,1,uid=626,,45,87:01,1,2,14
627,Ст3_ИП1.2_I3,3,1,uid=627,,45,88:01,1,2,14
628,Ст3_ИП1.2_kW_L1,3,1,uid=628,,45,89:01,1,2,16
629,Ст3_ИП1.2_kW_L2,3,1,uid=629,,45,90:01,1,2,16
630,Ст3_ИП1.2_kW_L3,3,1,uid=630,,45,91:01,1,2,16
631,Ст3_ИП1.2_kvar_L1,3,1,uid=631,,45,92:01,1,2,17
632,Ст3_ИП1.2_kvar_L2,3,1,uid=632,,45,93:01,1,2,17
633,Ст3_ИП1.2_kvar_L3,3,1,uid=633,,45,94:01,1,2,17
634,Ст3_ИП1.2_kVA_L1,3,1,uid=634,,45,95:01,1,2,18
635,Ст3_ИП1.2_kVA_L2,3,1,uid=635,,45,96:01,1,2,18
636,Ст3_ИП1.2_kVA_L3,3,1,uid=636,,45,97:01,1,2,18
637,Ст3_ИП1.2_total_kW,3,1,uid=637,,45,98:01,1,2,16
638,Ст3_ИП1.2_total_kvar,3,1,uid=638,,45,99:01,1,2,17
639,Ст3_ИП1.2_total_kVA,3,1,uid=639,,45,100:01,1,2,18
640,Ст3_ИП1.2_101,3,1,uid=640,,45,101:01,1,,
641,Ст3_ИП1.2_102,3,1,uid=641,,45,102:01,1,,
642,Ст3_ИП1.2_103,3,1,uid=642,,45,103:01,1,,
643,Ст3_ИП1.2_104,3,1,uid=643,,45,104:01,1,,
644,Ст3_ИП1.2_105,3,1,uid=644,,45,105:01,1,,
645,Ст3_ИП1.2_106,3,1,uid=645,,45,106:01,1,,
646,Ст3_ИП1.2_107,3,1,uid=646,,45,107:01,1,,
647,Ст3_ИП1.2_108,3,1,uid=647,,45,108:01,1,,
648,Ст3_ИП1.2_109,3,1,uid=648,,45,109:01,1,,
649,Ст3_ИП1.2_110,3,1,uid=649,,45,110:01,1,,
650,Ст3_ИП1.2_111,3,1,uid=650,,45,111:01,1,,
651,Ст3_ИП1.2_112,3,1,uid=651,,45,112:01,1,,
652,Ст3_ИП1.2_113,3,1,uid=652,,45,113:01,1,,
653,Ст3_ИП1.2_114,3,1,uid=653,,45,114:01,1,,
654,Ст3_ИП1.2_115,3,1,uid=654,,45,115:01,1,,
655,Ст3_ИП1.2_116,3,1,uid=655,,45,116:01,1,,
656,Ст3_ИП1.2_117,3,1,uid=656,,45,117:01,1,,
657,Ст3_ИП1.2_118,3,1,uid=657,,45,118:01,1,,
658,Ст3_ИП1.2_119,3,1,uid=658,,45,119:01,1,,
659,Ст3_uid=659,3,1,uid=659,,,,,,
660,Ст3_uid=660,3,1,uid=660,,,,,,
661,Ст3_uid=661,3,1,uid=661,,,,,,
662,Ст3_uid=662,3,1,uid=662,,,,,,
663,Ст3_uid=663,3,1,uid=663,,,,,,
664,Ст3_uid=664,3,1,uid=664,,,,,,
665,Ст3_uid=665,3,1,uid=665,,,,,,
666,Ст3_uid=666,3,1,uid=666,,,,,,
667,Ст3_uid=667,3,1,uid=667,,,,,,
668,Ст3_uid=668,3,1,uid=668,,,,,,
669,Ст3_uid=669,3,1,uid=669,,,,,,
670,Ст3_uid=670,3,1,uid=670,,,,,,
671,Ст3_uid=671,3,1,uid=671,,,,,,
672,Ст3_uid=672,3,1,uid=672,,,,,,
673,Ст3_uid=673,3,1,uid=673,,,,,,
674,Ст3_uid=674,3,1,uid=674,,,,,,
675,Ст3_uid=675,3,1,uid=675,,,,,,
676,Ст3_uid=676,3,1,uid=676,,,,,,
677,Ст3_uid=677,3,1,uid=677,,,,,,
678,Ст3_uid=678,3,1,uid=678,,,,,,
679,Ст4_ТН2_L_1,4,1,uid=679,,60,00:01,1,1,1
680,Ст4_ТН2_L_2,4,1,uid=680,,60,01:01,1,1,1
681,Ст4_ТН2_L_3,4,1,uid=681,,60,02:01,1,1,1
682,Ст4_ТН2_L_4,4,1,uid=682,,60,03:01,1,1,1
683,Ст4_ТН2_R_1,4,1,uid=683,,60,04:01,1,1,1
684,Ст4_ТН2_R_2,4,1,uid=684,,60,05:01,1,1,1
685,Ст4_ТН2_R_3,4,1,uid=685,,60,06:01,1,1,1
686,Ст4_ТН2_R_4,4,1,uid=686,,60,07:01,1,1,1
687,Ст4_ШС1_Q1,4,1,uid=687,,61,00:01,1,1,1
688,Ст4_ШС1_Q2,4,1,uid=688,,61,01:01,1,1,1
689,Ст4_ШС1_Q3,4,1,uid=689,,61,02:01,1,1,1
690,Ст4_ШС1_Q4,4,1,uid=690,,61,03:01,1,1,1
691,Ст4_ШС1_Q5,4,1,uid=691,,61,04:01,1,1,1
692,Ст4_ШС1_Q6,4,1,uid=692,,61,05:01,1,1,1
693,Ст4_ШС1_Q7,4,1,uid=693,,61,06:01,1,1,1
694,Ст4_ШС1_Q8,4,1,uid=694,,61,07:01,1,1,1
695,Ст4_ШС1_OnOff_x25-x27,4,1,uid=695,,62,00:01,1,1,1
696,Ст4_ШС1_OnOff_x28-x30,4,1,uid=696,,62,01:01,1,1,1
697,Ст4_ШС1_OnOff_x31-x33,4,1,uid=697,,62,02:01,1,1,1
698,Ст4_ШС1_OnOff_x34-x36,4,1,uid=698,,62,03:01,1,1,1
699,Ст4_ШС1_x61-x62,4,1,uid=699,,62,04:01,1,1,1
700,Ст4_uid=700,4,1,uid=700,,62,05:01,1,1,1
701,Ст4_uid=701,4,1,uid=701,,62,06:01,1,1,1
702,Ст4_uid=702,4,1,uid=702,,62,07:01,1,1,1
703,Ст4_ШС2_Q1,4,1,uid=703,,63,00:01,1,1,1
704,Ст4_ШС2_Q2,4,1,uid=704,,63,01:01,1,1,1
705,Ст4_ШС2_Q3,4,1,uid=705,,63,02:01,1,1,1
706,Ст4_ШС2_Q4,4,1,uid=706,,63,03:01,1,1,1
707,Ст4_ШС2_Q5,4,1,uid=707,,63,04:01,1,1,1
708,Ст4_ШС2_Q6,4,1,uid=708,,63,05:01,1,1,1
709,Ст4_ШС2_Q7,4,1,uid=709,,63,06:01,1,1,1
710,Ст4_ШС2_Q8,4,1,uid=710,,63,07:01,1,1,1
711,Ст4_ШС2_Q9,4,1,uid=711,,64,00:01,1,1,1
712,Ст4_ШС2_Q10,4,1,uid=712,,64,01:01,1,1,1
713,Ст4_uid=713,4,1,uid=713,,64,02:01,1,1,1
714,Ст4_uid=714,4,1,uid=714,,64,03:01,1,1,1
715,Ст4_ШС2_x45-x46,4,1,uid=715,,64,04:01,1,1,1
716,Ст4_uid=716,4,1,uid=716,,64,05:01,1,1,1
717,Ст4_uid=717,4,1,uid=717,,64,06:01,1,1,1
718,Ст4_uid=718,4,1,uid=718,,64,07:01,1,1,1
719,Ст4_МП2_RA1_1,4,1,uid=719,,65,00:01,1,1,1
720,Ст4_МП2_RA1_2,4,1,uid=720,,65,01:01,1,1,1
721,Ст4_МП2_RA1_3,4,1,uid=721,,65,02:01,1,1,1
722,Ст4_МП2_RA1_4,4,1,uid=722,,65,03:01,1,1,1
723,Ст4_uid=723,4,1,uid=723,,65,04:01,1,1,1
724,Ст4_uid=724,4,1,uid=724,,65,05:01,1,1,1
725,Ст4_uid=725,4,1,uid=725,,65,06:01,1,1,1
726,Ст4_uid=726,4,1,uid=726,,65,07:01,1,1,1
727,Ст4_МУ110-8И_1,4,1,uid=727,,66,00:01,1,3,12
728,Ст4_МУ110-8И_2,4,1,uid=728,,66,01:01,1,3,12
729,Ст4_МУ110-8И_3,4,1,uid=729,,66,02:01,1,3,12
730,Ст4_МУ110-8И_4,4,1,uid=730,,66,03:01,1,3,12
731,Ст4_МУ110-8И_5,4,1,uid=731,,66,04:01,1,3,12
732,Ст4_МУ110-8И_6,4,1,uid=732,,66,05:01,1,3,12
733,Ст4_МУ110-8И_7,4,1,uid=733,,66,06:01,1,3,12
734,Ст4_МУ110-8И_8,4,1,uid=734,,66,07:01,1,3,12
735,Ст4_ИП1.2_1_I_Гарм1,4,1,uid=735,,67,00:01,1,2,4
736,Ст4_ИП1.2_1_I_Гарм2,4,1,uid=736,,67,01:01,1,2,4
737,Ст4_ИП1.2_1_I_Гарм3,4,1,uid=737,,67,02:01,1,2,4
738,Ст4_ИП1.2_1_I_Гарм4,4,1,uid=738,,67,03:01,1,2,4
739,Ст4_ИП1.2_1_I_Гарм5,4,1,uid=739,,67,04:01,1,2,4
740,Ст4_ИП1.2_1_I_Гарм6,4,1,uid=740,,67,05:01,1,2,4
741,Ст4_ИП1.2_1_I_Гарм7,4,1,uid=741,,67,06:01,1,2,4
742,Ст4_ИП1.2_1_I_Гарм8,4,1,uid=742,,67,07:01,1,2,4
743,Ст4_ИП1.2_1_I_Гарм9,4,1,uid=743,,67,08:01,1,2,4
744,Ст4_ИП1.2_1_I_Гарм10,4,1,uid=744,,67,09:01,1,2,4
745,Ст4_ИП1.2_1_I_Гарм11,4,1,uid=745,,67,10:01,1,2,4
746,Ст4_ИП1.2_1_I_Гарм12,4,1,uid=746,,67,11:01,1,2,4
747,Ст4_ИП1.2_1_I_Гарм13,4,1,uid=747,,67,12:01,1,2,4
748,Ст4_ИП1.2_1_I_Гарм14,4,1,uid=748,,67,13:01,1,2,4
749,Ст4_ИП1.2_1_I_Гарм15,4,1,uid=749,,67,14:01,1,2,4
750,Ст4_ИП1.2_1_I_Гарм16,4,1,uid=750,,67,15:01,1,2,4
751,Ст4_ИП1.2_1_I_Гарм17,4,1,uid=751,,67,16:01,1,2,4
752,Ст4_ИП1.2_1_I_Гарм18,4,1,uid=752,,67,17:01,1,2,4
753,Ст4_ИП1.2_1_I_Гарм19,4,1,uid=753,,67,18:01,1,2,4
754,Ст4_ИП1.2_1_I_Гарм20,4,1,uid=754,,67,19:01,1,2,4
755,Ст4_ИП1.2_1_I_Гарм21,4,1,uid=755,,67,20:01,1,2,4
756,Ст4_ИП1.2_1_I_Гарм22,4,1,uid=756,,67,21:01,1,2,4
757,Ст4_ИП1.2_1_I_Гарм23,4,1,uid=757,,67,22:01,1,2,4
758,Ст4_ИП1.2_1_I_Гарм24,4,1,uid=758,,67,23:01,1,2,4
759,Ст4_ИП1.2_1_I_Гарм25,4,1,uid=759,,67,24:01,1,2,4
760,Ст4_ИП1.2_1_I_Гарм26,4,1,uid=760,,67,25:01,1,2,4
761,Ст4_ИП1.2_1_I_Гарм27,4,1,uid=761,,67,26:01,1,2,4
762,Ст4_ИП1.2_1_I_Гарм28,4,1,uid=762,,67,27:01,1,2,4
763,Ст4_ИП1.2_1_I_Гарм29,4,1,uid=763,,67,28:01,1,2,4
764,Ст4_ИП1.2_1_I_Гарм30,4,1,uid=764,,67,29:01,1,2,4
765,Ст4_ИП1.2_1_I_Гарм31,4,1,uid=765,,67,30:01,1,2,4
766,Ст4_ИП1.2_1_I_Гарм32,4,1,uid=766,,67,31:01,1,2,4
767,Ст4_ИП1.2_1_I_Гарм33,4,1,uid=767,,67,32:01,1,2,4
768,Ст4_ИП1.2_1_I_Гарм34,4,1,uid=768,,67,33:01,1,2,4
769,Ст4_ИП1.2_1_I_Гарм35,4,1,uid=769,,67,34:01,1,2,4
770,Ст4_ИП1.2_1_I_Гарм36,4,1,uid=770,,67,35:01,1,2,4
771,Ст4_ИП1.2_1_I_Гарм37,4,1,uid=771,,67,36:01,1,2,4
772,Ст4_ИП1.2_1_I_Гарм38,4,1,uid=772,,67,37:01,1,2,4
773,Ст4_ИП1.2_1_I_Гарм39,4,1,uid=773,,67,38:01,1,2,4
774,Ст4_ИП1.2_1_I_Гарм40,4,1,uid=774,,67,39:01,1,2,4
775,Ст4_ИП1.2_1_U_Гарм1,4,1,uid=775,,67,40:01,1,2,4
776,Ст4_ИП1.2_1_U_Гарм2,4,1,uid=776,,67,41:01,1,2,4
777,Ст4_ИП1.2_1_U_Гарм3,4,1,uid=777,,67,42:01,1,2,4
778,Ст4_ИП1.2_1_U_Гарм4,4,1,uid=778,,67,43:01,1,2,4
779,Ст4_ИП1.2_1_U_Гарм5,4,1,uid=779,,67,44:01,1,2,4
780,Ст4_ИП1.2_1_U_Гарм6,4,1,uid=780,,67,45:01,1,2,4
781,Ст4_ИП1.2_1_U_Гарм7,4,1,uid=781,,67,46:01,1,2,4
782,Ст4_ИП1.2_1_U_Гарм8,4,1,uid=782,,67,47:01,1,2,4
783,Ст4_ИП1.2_1_U_Гарм9,4,1,uid=783,,67,48:01,1,2,4
784,Ст4_ИП1.2_1_U_Гарм10,4,1,uid=784,,67,49:01,1,2,4
785,Ст4_ИП1.2_1_U_Гарм11,4,1,uid=785,,67,50:01,1,2,4
786,Ст4_ИП1.2_1_U_Гарм12,4,1,uid=786,,67,51:01,1,2,4
787,Ст4_ИП1.2_1_U_Гарм13,4,1,uid=787,,67,52:01,1,2,4
788,Ст4_ИП1.2_1_U_Гарм14,4,1,uid=788,,67,53:01,1,2,4
789,Ст4_ИП1.2_1_U_Гарм15,4,1,uid=789,,67,54:01,1,2,4
790,Ст4_ИП1.2_1_U_Гарм16,4,1,uid=790,,67,55:01,1,2,4
791,Ст4_ИП1.2_1_U_Гарм17,4,1,uid=791,,67,56:01,1,2,4
792,Ст4_ИП1.2_1_U_Гарм18,4,1,uid=792,,67,57:01,1,2,4
793,Ст4_ИП1.2_1_U_Гарм19,4,1,uid=793,,67,58:01,1,2,4
794,Ст4_ИП1.2_1_U_Гарм20,4,1,uid=794,,67,59:01,1,2,4
795,Ст4_ИП1.2_1_U_Гарм21,4,1,uid=795,,67,60:01,1,2,4
796,Ст4_ИП1.2_1_U_Гарм22,4,1,uid=796,,67,61:01,1,2,4
797,Ст4_ИП1.2_1_U_Гарм23,4,1,uid=797,,67,62:01,1,2,4
798,Ст4_ИП1.2_1_U_Гарм24,4,1,uid=798,,67,63:01,1,2,4
799,Ст4_ИП1.2_1_U_Гарм25,4,1,uid=799,,67,64:01,1,2,4
800,Ст4_ИП1.2_1_U_Гарм26,4,1,uid=800,,67,65:01,1,2,4
801,Ст4_ИП1.2_1_U_Гарм27,4,1,uid=801,,67,66:01,1,2,4
802,Ст4_ИП1.2_1_U_Гарм28,4,1,uid=802,,67,67:01,1,2,4
803,Ст4_ИП1.2_1_U_Гарм29,4,1,uid=803,,67,68:01,1,2,4
804,Ст4_ИП1.2_1_U_Гарм30,4,1,uid=804,,67,69:01,1,2,4
805,Ст4_ИП1.2_1_U_Гарм31,4,1,uid=805,,67,70:01,1,2,4
806,Ст4_ИП1.2_1_U_Гарм32,4,1,uid=806,,67,71:01,1,2,4
807,Ст4_ИП1.2_1_U_Гарм33,4,1,uid=807,,67,72:01,1,2,4
808,Ст4_ИП1.2_1_U_Гарм34,4,1,uid=808,,67,73:01,1,2,4
809,Ст4_ИП1.2_1_U_Гарм35,4,1,uid=809,,67,74:01,1,2,4
810,Ст4_ИП1.2_1_U_Гарм36,4,1,uid=810,,67,75:01,1,2,4
811,Ст4_ИП1.2_1_U_Гарм37,4,1,uid=811,,67,76:01,1,2,4
812,Ст4_ИП1.2_1_U_Гарм38,4,1,uid=812,,67,77:01,1,2,4
813,Ст4_ИП1.2_1_U_Гарм39,4,1,uid=813,,67,78:01,1,2,4
814,Ст4_ИП1.2_1_U_Гарм40,4,1,uid=814,,67,79:01,1,2,4
815,Ст4_ИП1.2_1_V1,4,1,uid=815,,67,80:01,1,2,15
816,Ст4_ИП1.2_1_V2,4,1,uid=816,,67,81:01,1,2,15
817,Ст4_ИП1.2_1_V3,4,1,uid=817,,67,82:01,1,2,15
818,Ст4_ИП1.2_1_V12,4,1,uid=818,,67,83:01,1,2,15
819,Ст4_ИП1.2_1_V23,4,1,uid=819,,67,84:01,1,2,15
820,Ст4_ИП1.2_1_V31,4,1,uid=820,,67,85:01,1,2,15
821,Ст4_ИП1.2_1_I1,4,1,uid=821,,67,86:01,1,2,14
822,Ст4_ИП1.2_1_I2,4,1,uid=822,,67,87:01,1,2,14
823,Ст4_ИП1.2_1_I3,4,1,uid=823,,67,88:01,1,2,14
824,Ст4_ИП1.2_1_kW_L1,4,1,uid=824,,67,89:01,1,2,16
825,Ст4_ИП1.2_1_kW_L2,4,1,uid=825,,67,90:01,1,2,16
826,Ст4_ИП1.2_1_kW_L3,4,1,uid=826,,67,91:01,1,2,16
827,Ст4_ИП1.2_1_kvar_L1,4,1,uid=827,,67,92:01,1,2,17
828,Ст4_ИП1.2_1_kvar_L2,4,1,uid=828,,67,93:01,1,2,17
829,Ст4_ИП1.2_1_kvar_L3,4,1,uid=829,,67,94:01,1,2,17
830,Ст4_ИП1.2_1_kVA_L1,4,1,uid=830,,67,95:01,1,2,18
831,Ст4_ИП1.2_1_kVA_L2,4,1,uid=831,,67,96:01,1,2,18
832,Ст4_ИП1.2_1_kVA_L3,4,1,uid=832,,67,97:01,1,2,18
833,Ст4_ИП1.2_1_total_kW,4,1,uid=833,,67,98:01,1,2,16
834,Ст4_ИП1.2_1_total_kvar,4,1,uid=834,,67,99:01,1,2,17
835,Ст4_ИП1.2_1_total_kVA,4,1,uid=835,,67,100:01,1,2,18
836,Ст4_ИП1.2_1_101,4,1,uid=836,,67,101:01,1,,
837,Ст4_ИП1.2_1_102,4,1,uid=837,,67,102:01,1,,
838,Ст4_ИП1.2_1_103,4,1,uid=838,,67,103:01,1,,
839,Ст4_ИП1.2_1_104,4,1,uid=839,,67,104:01,1,,
840,Ст4_ИП1.2_1_105,4,1,uid=840,,67,105:01,1,,
841,Ст4_ИП1.2_1_106,4,1,uid=841,,67,106:01,1,,
842,Ст4_ИП1.2_1_107,4,1,uid=842,,67,107:01,1,,
843,Ст4_ИП1.2_1_108,4,1,uid=843,,67,108:01,1,,
844,Ст4_ИП1.2_1_109,4,1,uid=844,,67,109:01,1,,
845,Ст4_ИП1.2_1_110,4,1,uid=845,,67,110:01,1,,
846,Ст4_ИП1.2_1_111,4,1,uid=846,,67,111:01,1,,
847,Ст4_ИП1.2_1_112,4,1,uid=847,,67,112:01,1,,
848,Ст4_ИП1.2_1_113,4,1,uid=848,,67,113:01,1,,
849,Ст4_ИП1.2_1_114,4,1,uid=849,,67,114:01,1,,
850,Ст4_ИП1.2_1_115,4,1,uid=850,,67,115:01,1,,
851,Ст4_ИП1.2_1_116,4,1,uid=851,,67,116:01,1,,
852,Ст4_ИП1.2_1_117,4,1,uid=852,,67,117:01,1,,
853,Ст4_ИП1.2_1_118,4,1,uid=853,,67,118:01,1,,
854,Ст4_ИП1.2_1_119,4,1,uid=854,,67,119:01,1,,
855,Ст4_ИП1.2_2_I_Гарм1,4,1,uid=855,,68,00:01,1,2,4
856,Ст4_ИП1.2_2_I_Гарм2,4,1,uid=856,,68,01:01,1,2,4
857,Ст4_ИП1.2_2_I_Гарм3,4,1,uid=857,,68,02:01,1,2,4
858,Ст4_ИП1.2_2_I_Гарм4,4,1,uid=858,,68,03:01,1,2,4
859,Ст4_ИП1.2_2_I_Гарм5,4,1,uid=859,,68,04:01,1,2,4
860,Ст4_ИП1.2_2_I_Гарм6,4,1,uid=860,,68,05:01,1,2,4
861,Ст4_ИП1.2_2_I_Гарм7,4,1,uid=861,,68,06:01,1,2,4
862,Ст4_ИП1.2_2_I_Гарм8,4,1,uid=862,,68,07:01,1,2,4
863,Ст4_ИП1.2_2_I_Гарм9,4,1,uid=863,,68,08:01,1,2,4
864,Ст4_ИП1.2_2_I_Гарм10,4,1,uid=864,,68,09:01,1,2,4
865,Ст4_ИП1.2_2_I_Гарм11,4,1,uid=865,,68,10:01,1,2,4
866,Ст4_ИП1.2_2_I_Гарм12,4,1,uid=866,,68,11:01,1,2,4
867,Ст4_ИП1.2_2_I_Гарм13,4,1,uid=867,,68,12:01,1,2,4
868,Ст4_ИП1.2_2_I_Гарм14,4,1,uid=868,,68,13:01,1,2,4
869,Ст4_ИП1.2_2_I_Гарм15,4,1,uid=869,,68,14:01,1,2,4
870,Ст4_ИП1.2_2_I_Гарм16,4,1,uid=870,,68,15:01,1,2,4
871,Ст4_ИП1.2_2_I_Гарм17,4,1,uid=871,,68,16:01,1,2,4
872,Ст4_ИП1.2_2_I_Гарм18,4,1,uid=872,,68,17:01,1,2,4
873,Ст4_ИП1.2_2_I_Гарм19,4,1,uid=873,,68,18:01,1,2,4
874,Ст4_ИП1.2_2_I_Гарм20,4,1,uid=874,,68,19:01,1,2,4
875,Ст4_ИП1.2_2_I_Гарм21,4,1,uid=875,,68,20:01,1,2,4
876,Ст4_ИП1.2_2_I_Гарм22,4,1,uid=876,,68,21:01,1,2,4
877,Ст4_ИП1.2_2_I_Гарм23,4,1,uid=877,,68,22:01,1,2,4
878,Ст4_ИП1.2_2_I_Гарм24,4,1,uid=878,,68,23:01,1,2,4
879,Ст4_ИП1.2_2_I_Гарм25,4,1,uid=879,,68,24:01,1,2,4
880,Ст4_ИП1.2_2_I_Гарм26,4,1,uid=880,,68,25:01,1,2,4
881,Ст4_ИП1.2_2_I_Гарм27,4,1,uid=881,,68,26:01,1,2,4
882,Ст4_ИП1.2_2_I_Гарм28,4,1,uid=882,,68,27:01,1,2,4
883,Ст4_ИП1.2_2_I_Гарм29,4,1,uid=883,,68,28:01,1,2,4
884,Ст4_ИП1.2_2_I_Гарм30,4,1,uid=884,,68,29:01,1,2,4
885,Ст4_ИП1.2_2_I_Гарм31,4,1,uid=885,,68,30:01,1,2,4
886,Ст4_ИП1.2_2_I_Гарм32,4,1,uid=886,,68,31:01,1,2,4
887,Ст4_ИП1.2_2_I_Гарм33,4,1,uid=887,,68,32:01,1,2,4
888,Ст4_ИП1.2_2_I_Гарм34,4,1,uid=888,,68,33:01,1,2,4
889,Ст4_ИП1.2_2_I_Гарм35,4,1,uid=889,,68,34:01,1,2,4
890,Ст4_ИП1.2_2_I_Гарм36,4,1,uid=890,,68,35:01,1,2,4
891,Ст4_ИП1.2_2_I_Гарм37,4,1,uid=891,,68,36:01,1,2,4
892,Ст4_ИП1.2_2_I_Гарм38,4,1,uid=892,,68,37:01,1,2,4
893,Ст4_ИП1.2_2_I_Гарм39,4,1,uid=893,,68,38:01,1,2,4
894,Ст4_ИП1.2_2_I_Гарм40,4,1,uid=894,,68,39:01,1,2,4
895,Ст4_ИП1.2_2_U_Гарм1,4,1,uid=895,,68,40:01,1,2,4
896,Ст4_ИП1.2_2_U_Гарм2,4,1,uid=896,,68,41:01,1,2,4
897,Ст4_ИП1.2_2_U_Гарм3,4,1,uid=897,,68,42:01,1,2,4
898,Ст4_ИП1.2_2_U_Гарм4,4,1,uid=898,,68,43:01,1,2,4
899,Ст4_ИП1.2_2_U_Гарм5,4,1,uid=899,,68,44:01,1,2,4
900,Ст4_ИП1.2_2_U_Гарм6,4,1,uid=900,,68,45:01,1,2,4
901,Ст4_ИП1.2_2_U_Гарм7,4,1,uid=901,,68,46:01,1,2,4
902,Ст4_ИП1.2_2_U_Гарм8,4,1,uid=902,,68,47:01,1,2,4
903,Ст4_ИП1.2_2_U_Гарм9,4,1,uid=903,,68,48:01,1,2,4
904,Ст4_ИП1.2_2_U_Гарм10,4,1,uid=904,,68,49:01,1,2,4
905,Ст4_ИП1.2_2_U_Гарм11,4,1,uid=905,,68,50:01,1,2,4
906,Ст4_ИП1.2_2_U_Гарм12,4,1,uid=906,,68,51:01,1,2,4
907,Ст4_ИП1.2_2_U_Гарм13,4,1,uid=907,,68,52:01,1,2,4
908,Ст4_ИП1.2_2_U_Гарм14,4,1,uid=908,,68,53:01,1,2,4
909,Ст4_ИП1.2_2_U_Гарм15,4,1,uid=909,,68,54:01,1,2,4
910,Ст4_ИП1.2_2_U_Гарм16,4,1,uid=910,,68,55:01,1,2,4
911,Ст4_ИП1.2_2_U_Гарм17,4,1,uid=911,,68,56:01,1,2,4
912,Ст4_ИП1.2_2_U_Гарм18,4,1,uid=912,,68,57:01,1,2,4
913,Ст4_ИП1.2_2_U_Гарм19,4,1,uid=913,,68,58:01,1,2,4
914,Ст4_ИП1.2_2_U_Гарм20,4,1,uid=914,,68,59:01,1,2,4
915,Ст4_ИП1.2_2_U_Гарм21,4,1,uid=915,,68,60:01,1,2,4
916,Ст4_ИП1.2_2_U_Гарм22,4,1,uid=916,,68,61:01,1,2,4
917,Ст4_ИП1.2_2_U_Гарм23,4,1,uid=917,,68,62:01,1,2,4
918,Ст4_ИП1.2_2_U_Гарм24,4,1,uid=918,,68,63:01,1,2,4
919,Ст4_ИП1.2_2_U_Гарм25,4,1,uid=919,,68,64:01,1,2,4
920,Ст4_ИП1.2_2_U_Гарм26,4,1,uid=920,,68,65:01,1,2,4
921,Ст4_ИП1.2_2_U_Гарм27,4,1,uid=921,,68,66:01,1,2,4
922,Ст4_ИП1.2_2_U_Гарм28,4,1,uid=922,,68,67:01,1,2,4
923,Ст4_ИП1.2_2_U_Гарм29,4,1,uid=923,,68,68:01,1,2,4
924,Ст4_ИП1.2_2_U_Гарм30,4,1,uid=924,,68,69:01,1,2,4
925,Ст4_ИП1.2_2_U_Гарм31,4,1,uid=925,,68,70:01,1,2,4
926,Ст4_ИП1.2_2_U_Гарм32,4,1,uid=926,,68,71:01,1,2,4
927,Ст4_ИП1.2_2_U_Гарм33,4,1,uid=927,,68,72:01,1,2,4
928,Ст4_ИП1.2_2_U_Гарм34,4,1,uid=928,,68,73:01,1,2,4
929,Ст4_ИП1.2_2_U_Гарм35,4,1,uid=929,,68,74:01,1,2,4
930,Ст4_ИП1.2_2_U_Гарм36,4,1,uid=930,,68,75:01,1,2,4
931,Ст4_ИП1.2_2_U_Гарм37,4,1,uid=931,,68,76:01,1,2,4
932,Ст4_ИП1.2_2_U_Гарм38,4,1,uid=932,,68,77:01,1,2,4
933,Ст4_ИП1.2_2_U_Гарм39,4,1,uid=933,,68,78:01,1,2,4
934,Ст4_ИП1.2_2_U_Гарм40,4,1,uid=934,,68,79:01,1,2,4
935,Ст4_ИП1.2_2_V1,4,1,uid=935,,68,80:01,1,2,15
936,Ст4_ИП1.2_2_V2,4,1,uid=936,,68,81:01,1,2,15
937,Ст4_ИП1.2_2_V3,4,1,uid=937,,68,82:01,1,2,15
938,Ст4_ИП1.2_2_V12,4,1,uid=938,,68,83:01,1,2,15
939,Ст4_ИП1.2_2_V23,4,1,uid=939,,68,84:01,1,2,15
940,Ст4_ИП1.2_2_V31,4,1,uid=940,,68,85:01,1,2,15
941,Ст4_ИП1.2_2_I1,4,1,uid=941,,68,86:01,1,2,14
942,Ст4_ИП1.2_2_I2,4,1,uid=942,,68,87:01,1,2,14
943,Ст4_ИП1.2_2_I3,4,1,uid=943,,68,88:01,1,2,14
944,Ст4_ИП1.2_2_kW_L1,4,1,uid=944,,68,89:01,1,2,16
945,Ст4_ИП1.2_2_kW_L2,4,1,uid=945,,68,90:01,1,2,16
946,Ст4_ИП1.2_2_kW_L3,4,1,uid=946,,68,91:01,1,2,16
947,Ст4_ИП1.2_2_kvar_L1,4,1,uid=947,,68,92:01,1,2,17
948,Ст4_ИП1.2_2_kvar_L2,4,1,uid=948,,68,93:01,1,2,17
949,Ст4_ИП1.2_2_kvar_L3,4,1,uid=949,,68,94:01,1,2,17
950,Ст4_ИП1.2_2_kVA_L1,4,1,uid=950,,68,95:01,1,2,18
951,Ст4_ИП1.2_2_kVA_L2,4,1,uid=951,,68,96:01,1,2,18
952,Ст4_ИП1.2_2_kVA_L3,4,1,uid=952,,68,97:01,1,2,18
953,Ст4_ИП1.2_2_total_kW,4,1,uid=953,,68,98:01,1,2,16
954,Ст4_ИП1.2_2_total_kvar,4,1,uid=954,,68,99:01,1,2,17
955,Ст4_ИП1.2_2_total_kVA,4,1,uid=955,,68,100:01,1,2,18
956,Ст4_ИП1.2_2_101,4,1,uid=956,,68,101:01,1,,
957,Ст4_ИП1.2_2_102,4,1,uid=957,,68,102:01,1,,
958,Ст4_ИП1.2_2_103,4,1,uid=958,,68,103:01,1,,
959,Ст4_ИП1.2_2_104,4,1,uid=959,,68,104:01,1,,
960,Ст4_ИП1.2_2_105,4,1,uid=960,,68,105:01,1,,
961,Ст4_ИП1.2_2_106,4,1,uid=961,,68,106:01,1,,
962,Ст4_ИП1.2_2_107,4,1,uid=962,,68,107:01,1,,
963,Ст4_ИП1.2_2_108,4,1,uid=963,,68,108:01,1,,
964,Ст4_ИП1.2_2_109,4,1,uid=964,,68,109:01,1,,
965,Ст4_ИП1.2_2_110,4,1,uid=965,,68,110:01,1,,
966,Ст4_ИП1.2_2_111,4,1,uid=966,,68,111:01,1,,
967,Ст4_ИП1.2_2_112,4,1,uid=967,,68,112:01,1,,
968,Ст4_ИП1.2_2_113,4,1,uid=968,,68,113:01,1,,
969,Ст4_ИП1.2_2_114,4,1,uid=969,,68,114:01,1,,
970,Ст4_ИП1.2_2_115,4,1,uid=970,,68,115:01,1,,
971,Ст4_ИП1.2_2_116,4,1,uid=971,,68,116:01,1,,
972,Ст4_ИП1.2_2_117,4,1,uid=972,,68,117:01,1,,
973,Ст4_ИП1.2_2_118,4,1,uid=973,,68,118:01,1,,
974,Ст4_ИП1.2_2_119,4,1,uid=974,,68,119:01,1,,
975,Ст4_ИП1.2_3_I_Гарм1,4,1,uid=975,,69,00:01,1,2,4
976,Ст4_ИП1.2_3_I_Гарм2,4,1,uid=976,,69,01:01,1,2,4
977,Ст4_ИП1.2_3_I_Гарм3,4,1,uid=977,,69,02:01,1,2,4
978,Ст4_ИП1.2_3_I_Гарм4,4,1,uid=978,,69,03:01,1,2,4
979,Ст4_ИП1.2_3_I_Гарм5,4,1,uid=979,,69,04:01,1,2,4
980,Ст4_ИП1.2_3_I_Гарм6,4,1,uid=980,,69,05:01,1,2,4
981,Ст4_ИП1.2_3_I_Гарм7,4,1,uid=981,,69,06:01,1,2,4
982,Ст4_ИП1.2_3_I_Гарм8,4,1,uid=982,,69,07:01,1,2,4
983,Ст4_ИП1.2_3_I_Гарм9,4,1,uid=983,,69,08:01,1,2,4
984,Ст4_ИП1.2_3_I_Гарм10,4,1,uid=984,,69,09:01,1,2,4
985,Ст4_ИП1.2_3_I_Гарм11,4,1,uid=985,,69,10:01,1,2,4
986,Ст4_ИП1.2_3_I_Гарм12,4,1,uid=986,,69,11:01,1,2,4
987,Ст4_ИП1.2_3_I_Гарм13,4,1,uid=987,,69,12:01,1,2,4
988,Ст4_ИП1.2_3_I_Гарм14,4,1,uid=988,,69,13:01,1,2,4
989,Ст4_ИП1.2_3_I_Гарм15,4,1,uid=989,,69,14:01,1,2,4
990,Ст4_ИП1.2_3_I_Гарм16,4,1,uid=990,,69,15:01,1,2,4
991,Ст4_ИП1.2_3_I_Гарм17,4,1,uid=991,,69,16:01,1,2,4
992,Ст4_ИП1.2_3_I_Гарм18,4,1,uid=992,,69,17:01,1,2,4
993,Ст4_ИП1.2_3_I_Гарм19,4,1,uid=993,,69,18:01,1,2,4
994,Ст4_ИП1.2_3_I_Гарм20,4,1,uid=994,,69,19:01,1,2,4
995,Ст4_ИП1.2_3_I_Гарм21,4,1,uid=995,,69,20:01,1,2,4
996,Ст4_ИП1.2_3_I_Гарм22,4,1,uid=996,,69,21:01,1,2,4
997,Ст4_ИП1.2_3_I_Гарм23,4,1,uid=997,,69,22:01,1,2,4
998,Ст4_ИП1.2_3_I_Гарм24,4,1,uid=998,,69,23:01,1,2,4
999,Ст4_ИП1.2_3_I_Гарм25,4,1,uid=999,,69,24:01,1,2,4
1000,Ст4_ИП1.2_3_I_Гарм26,4,1,uid=1000,,69,25:01,1,2,4
1001,Ст4_ИП1.2_3_I_Гарм27,4,1,uid=1001,,69,26:01,1,2,4
1002,Ст4_ИП1.2_3_I_Гарм28,4,1,uid=1002,,69,27:01,1,2,4
1003,Ст4_ИП1.2_3_I_Гарм29,4,1,uid=1003,,69,28:01,1,2,4
1004,Ст4_ИП1.2_3_I_Гарм30,4,1,uid=1004,,69,29:01,1,2,4
1005,Ст4_ИП1.2_3_I_Гарм31,4,1,uid=1005,,69,30:01,1,2,4
1006,Ст4_ИП1.2_3_I_Гарм32,4,1,uid=1006,,69,31:01,1,2,4
1007,Ст4_ИП1.2_3_I_Гарм33,4,1,uid=1007,,69,32:01,1,2,4
1008,Ст4_ИП1.2_3_I_Гарм34,4,1,uid=1008,,69,33:01,1,2,4
1009,Ст4_ИП1.2_3_I_Гарм35,4,1,uid=1009,,69,34:01,1,2,4
1010,Ст4_ИП1.2_3_I_Гарм36,4,1,uid=1010,,69,35:01,1,2,4
1011,Ст4_ИП1.2_3_I_Гарм37,4,1,uid=1011,,69,36:01,1,2,4
1012,Ст4_ИП1.2_3_I_Гарм38,4,1,uid=1012,,69,37:01,1,2,4
1013,Ст4_ИП1.2_3_I_Гарм39,4,1,uid=1013,,69,38:01,1,2,4
1014,Ст4_ИП1.2_3_I_Гарм40,4,1,uid=1014,,69,39:01,1,2,4
1015,Ст4_ИП1.2_3_U_Гарм1,4,1,uid=1015,,69,40:01,1,2,4
1016,Ст4_ИП1.2_3_U_Гарм2,4,1,uid=1016,,69,41:01,1,2,4
1017,Ст4_ИП1.2_3_U_Гарм3,4,1,uid=1017,,69,42:01,1,2,4
1018,Ст4_ИП1.2_3_U_Гарм4,4,1,uid=1018,,69,43:01,1,2,4
1019,Ст4_ИП1.2_3_U_Гарм5,4,1,uid=1019,,69,44:01,1,2,4
1020,Ст4_ИП1.2_3_U_Гарм6,4,1,uid=1020,,69,45:01,1,2,4
1021,Ст4_ИП1.2_3_U_Гарм7,4,1,uid=1021,,69,46:01,1,2,4
1022,Ст4_ИП1.2_3_U_Гарм8,4,1,uid=1022,,69,47:01,1,2,4
1023,Ст4_ИП1.2_3_U_Гарм9,4,1,uid=1023,,69,48:01,1,2,4
1024,Ст4_ИП1.2_3_U_Гарм10,4,1,uid=1024,,69,49:01,1,2,4
1025,Ст4_ИП1.2_3_U_Гарм11,4,1,uid=1025,,69,50:01,1,2,4
1026,Ст4_ИП1.2_3_U_Гарм12,4,1,uid=1026,,69,51:01,1,2,4
1027,Ст4_ИП1.2_3_U_Гарм13,4,1,uid=1027,,69,52:01,1,2,4
1028,Ст4_ИП1.2_3_U_Гарм14,4,1,uid=1028,,69,53:01,1,2,4
1029,Ст4_ИП1.2_3_U_Гарм15,4,1,uid=1029,,69,54:01,1,2,4
1030,Ст4_ИП1.2_3_U_Гарм16,4,1,uid=1030,,69,55:01,1,2,4
1031,Ст4_ИП1.2_3_U_Гарм17,4,1,uid=1031,,69,56:01,1,2,4
1032,Ст4_ИП1.2_3_U_Гарм18,4,1,uid=1032,,69,57:01,1,2,4
1033,Ст4_ИП1.2_3_U_Гарм19,4,1,uid=1033,,69,58:01,1,2,4
1034,Ст4_ИП1.2_3_U_Гарм20,4,1,uid=1034,,69,59:01,1,2,4
1035,Ст4_ИП1.2_3_U_Гарм21,4,1,uid=1035,,69,60:01,1,2,4
1036,Ст4_ИП1.2_3_U_Гарм22,4,1,uid=1036,,69,61:01,1,2,4
1037,Ст4_ИП1.2_3_U_Гарм23,4,1,uid=1037,,69,62:01,1,2,4
1038,Ст4_ИП1.2_3_U_Гарм24,4,1,uid=1038,,69,63:01,1,2,4
1039,Ст4_ИП1.2_3_U_Гарм25,4,1,uid=1039,,69,64:01,1,2,4
1040,Ст4_ИП1.2_3_U_Гарм26,4,1,uid=1040,,69,65:01,1,2,4
1041,Ст4_ИП1.2_3_U_Гарм27,4,1,uid=1041,,69,66:01,1,2,4
1042,Ст4_ИП1.2_3_U_Гарм28,4,1,uid=1042,,69,67:01,1,2,4
1043,Ст4_ИП1.2_3_U_Гарм29,4,1,uid=1043,,69,68:01,1,2,4
1044,Ст4_ИП1.2_3_U_Гарм30,4,1,uid=1044,,69,69:01,1,2,4
1045,Ст4_ИП1.2_3_U_Гарм31,4,1,uid=1045,,69,70:01,1,2,4
1046,Ст4_ИП1.2_3_U_Гарм32,4,1,uid=1046,,69,71:01,1,2,4
1047,Ст4_ИП1.2_3_U_Гарм33,4,1,uid=1047,,69,72:01,1,2,4
1048,Ст4_ИП1.2_3_U_Гарм34,4,1,uid=1048,,69,73:01,1,2,4
1049,Ст4_ИП1.2_3_U_Гарм35,4,1,uid=1049,,69,74:01,1,2,4
1050,Ст4_ИП1.2_3_U_Гарм36,4,1,uid=1050,,69,75:01,1,2,4
1051,Ст4_ИП1.2_3_U_Гарм37,4,1,uid=1051,,69,76:01,1,2,4
1052,Ст4_ИП1.2_3_U_Гарм38,4,1,uid=1052,,69,77:01,1,2,4
1053,Ст4_ИП1.2_3_U_Гарм39,4,1,uid=1053,,69,78:01,1,2,4
1054,Ст4_ИП1.2_3_U_Гарм40,4,1,uid=1054,,69,79:01,1,2,4
1055,Ст4_ИП1.2_3_V1,4,1,uid=1055,,69,80:01,1,2,15
1056,Ст4_ИП1.2_3_V2,4,1,uid=1056,,69,81:01,1,2,15
1057,Ст4_ИП1.2_3_V3,4,1,uid=1057,,69,82:01,1,2,15
1058,Ст4_ИП1.2_3_V12,4,1,uid=1058,,69,83:01,1,2,15
1059,Ст4_ИП1.2_3_V23,4,1,uid=1059,,69,84:01,1,2,15
1060,Ст4_ИП1.2_3_V31,4,1,uid=1060,,69,85:01,1,2,15
1061,Ст4_ИП1.2_3_I1,4,1,uid=1061,,69,86:01,1,2,14
1062,Ст4_ИП1.2_3_I2,4,1,uid=1062,,69,87:01,1,2,14
1063,Ст4_ИП1.2_3_I3,4,1,uid=1063,,69,88:01,1,2,14
1064,Ст4_ИП1.2_3_kW_L1,4,1,uid=1064,,69,89:01,1,2,16
1065,Ст4_ИП1.2_3_kW_L2,4,1,uid=1065,,69,90:01,1,2,16
1066,Ст4_ИП1.2_3_kW_L3,4,1,uid=1066,,69,91:01,1,2,16
1067,Ст4_ИП1.2_3_kvar_L1,4,1,uid=1067,,69,92:01,1,2,17
1068,Ст4_ИП1.2_3_kvar_L2,4,1,uid=1068,,69,93:01,1,2,17
1069,Ст4_ИП1.2_3_kvar_L3,4,1,uid=1069,,69,94:01,1,2,17
1070,Ст4_ИП1.2_3_kVA_L1,4,1,uid=1070,,69,95:01,1,2,18
1071,Ст4_ИП1.2_3_kVA_L2,4,1,uid=1071,,69,96:01,1,2,18
1072,Ст4_ИП1.2_3_kVA_L3,4,1,uid=1072,,69,97:01,1,2,18
1073,Ст4_ИП1.2_3_total_kW,4,1,uid=1073,,69,98:01,1,2,16
1074,Ст4_ИП1.2_3_total_kvar,4,1,uid=1074,,69,99:01,1,2,17
1075,Ст4_ИП1.2_3_total_kVA,4,1,uid=1075,,69,100:01,1,2,18
1076,Ст4_ИП1.2_3_101,4,1,uid=1076,,69,101:01,1,,
1077,Ст4_ИП1.2_3_102,4,1,uid=1077,,69,102:01,1,,
1078,Ст4_ИП1.2_3_103,4,1,uid=1078,,69,103:01,1,,
1079,Ст4_ИП1.2_3_104,4,1,uid=1079,,69,104:01,1,,
1080,Ст4_ИП1.2_3_105,4,1,uid=1080,,69,105:01,1,,
1081,Ст4_ИП1.2_3_106,4,1,uid=1081,,69,106:01,1,,
1082,Ст4_ИП1.2_3_107,4,1,uid=1082,,69,107:01,1,,
1083,Ст4_ИП1.2_3_108,4,1,uid=1083,,69,108:01,1,,
1084,Ст4_ИП1.2_3_109,4,1,uid=1084,,69,109:01,1,,
1085,Ст4_ИП1.2_3_110,4,1,uid=1085,,69,110:01,1,,
1086,Ст4_ИП1.2_3_111,4,1,uid=1086,,69,111:01,1,,
1087,Ст4_ИП1.2_3_112,4,1,uid=1087,,69,112:01,1,,
1088,Ст4_ИП1.2_3_113,4,1,uid=1088,,69,113:01,1,,
1089,Ст4_ИП1.2_3_114,4,1,uid=1089,,69,114:01,1,,
1090,Ст4_ИП1.2_3_115,4,1,uid=1090,,69,115:01,1,,
1091,Ст4_ИП1.2_3_116,4,1,uid=1091,,69,116:01,1,,
1092,Ст4_ИП1.2_3_117,4,1,uid=1092,,69,117:01,1,,
1093,Ст4_ИП1.2_3_118,4,1,uid=1093,,69,118:01,1,,
1094,Ст4_ИП1.2_3_119,4,1,uid=1094,,69,119:01,1,,
1095,Ст4_СС1_1,4,1,uid=1095,,70,,1,,
1096,Ст4_СС1_2,4,1,uid=1096,,70,,1,,
1097,Ст4_СС1_3,4,1,uid=1097,,70,,1,,
1098,Ст4_СС1_4,4,1,uid=1098,,70,,1,,
1099,Ст4_СС1_5,4,1,uid=1099,,70,,1,,
1100,Ст4_СС1_6,4,1,uid=1100,,70,,1,,
1101,Ст4_СС1_7,4,1,uid=1101,,70,,1,,
1102,Ст4_СС1_8,4,1,uid=1102,,70,,1,,
1103,Ст4_СС1_9,4,1,uid=1103,,70,,1,,
1104,Ст4_СС1_10,4,1,uid=1104,,70,,1,,
1105,Ст4_СС1_11,4,1,uid=1105,,70,,1,,
1106,Ст4_СС1_12,4,1,uid=1106,,70,,1,,
1107,Ст4_СС1_13,4,1,uid=1107,,70,,1,,
1108,Ст4_СС1_14,4,1,uid=1108,,70,,1,,
1109,Ст4_СС1_15,4,1,uid=1109,,70,,1,,
1110,Ст4_СС1_16,4,1,uid=1110,,70,,1,,
1111,Ст4_СС1_17,4,1,uid=1111,,70,,1,,
1112,Ст4_СС1_18,4,1,uid=1112,,70,,1,,
1113,Ст4_СС1_19,4,1,uid=1113,,70,,1,,
1114,Ст4_СС1_20,4,1,uid=1114,,70,,1,,
1115,Ст4_СС1_21,4,1,uid=1115,,70,,1,,
1116,Ст4_СС1_22,4,1,uid=1116,,70,,1,,
1117,Ст4_СС1_23,4,1,uid=1117,,70,,1,,
1118,Ст4_СС1_24,4,1,uid=1118,,70,,1,,
1119,Ст4_СС1_25,4,1,uid=1119,,70,,1,,
1120,Ст4_СС1_26,4,1,uid=1120,,70,,1,,
1121,Ст4_СС1_27,4,1,uid=1121,,70,,1,,
1122,Ст4_СС1_28,4,1,uid=1122,,70,,1,,
1123,Ст4_СС1_29,4,1,uid=1123,,70,,1,,
1124,Ст4_СС1_30,4,1,uid=1124,,70,,1,,
1125,Ст4_СС1_31,4,1,uid=1125,,70,,1,,
1126,Ст4_СС1_32,4,1,uid=1126,,70,,1,,
1127,Ст4_СС1_33,4,1,uid=1127,,70,,1,,
1128,Ст4_СС1_34,4,1,uid=1128,,70,,1,,
1129,Ст4_СС1_35,4,1,uid=1129,,70,,1,,
1130,Ст4_СС1_36,4,1,uid=1130,,70,,1,,
1131,Ст4_СС1_37,4,1,uid=1131,,70,,1,,
1132,Ст4_СС1_38,4,1,uid=1132,,70,,1,,
1133,Ст4_СС1_39,4,1,uid=1133,,70,,1,,
1134,Ст4_СС1_40,4,1,uid=1134,,70,,1,,
1135,Ст4_МП2_PA1,4,1,uid=1135,,71,01:01,1,3,23
1136,Ст4_МП2_PV1,4,1,uid=1136,,71,07:01,1,3,22
1137,Ст4_МП2_PA2,4,1,uid=1137,,71,13:01,1,3,21
1138,Ст4_МП2_PV2,4,1,uid=1138,,71,19:01,1,3,20
1139,Ст4_МВ110_8А_5,4,1,uid=1139,,71,,1,,
1140,Ст4_МВ110_8А_6,4,1,uid=1140,,71,,1,,
1141,Ст4_МC1_PA,4,1,uid=1141,,71,37:01,1,3,3
1142,Ст4_МС1_PV,4,1,uid=1142,,71,43:01,1,3,3
1143,Ст4_uid=1143,4,1,uid=1143,,,,,,
1144,Ст4_uid=1144,4,1,uid=1144,,,,,,
1145,Ст4_uid=1145,4,1,uid=1145,,,,,,
1146,Ст4_uid=1146,4,1,uid=1146,,,,,,
1147,Ст4_uid=1147,4,1,uid=1147,,,,,,
1148,Ст4_uid=1148,4,1,uid=1148,,,,,,
1149,Ст4_uid=1149,4,1,uid=1149,,,,,,
1150,Ст4_uid=1150,4,1,uid=1150,,,,,,
1151,Ст4_uid=1151,4,1,uid=1151,,,,,,
1152,Ст4_uid=1152,4,1,uid=1152,,,,,,
1153,Ст4_uid=1153,4,1,uid=1153,,,,,,
1154,Ст4_uid=1154,4,1,uid=1154,,,,,,
1155,СТ5_УС_Q1,5,1,uid=1155,,80,00:01,1,1,1
1156,СТ5_УС_Q2,5,1,uid=1156,,80,01:01,1,1,1
1157,Ст5_uid=1157,5,1,uid=1157,,80,02:01,1,1,1
1158,Ст5_uid=1158,5,1,uid=1158,,80,03:01,1,1,1
1159,Ст5_uid=1159,5,1,uid=1159,,80,04:01,1,1,1
1160,Ст5_uid=1160,5,1,uid=1160,,80,05:01,1,1,1
1161,Ст5_uid=1161,5,1,uid=1161,,80,06:01,1,1,1
1162,Ст5_uid=1162,5,1,uid=1162,,80,07:01,1,1,1
1163,Ст5_МЭ110-224_1,5,1,uid=1163,,81,,1,,
1164,Ст5_МЭ110-224_2,5,1,uid=1164,,81,,1,,
1165,Ст5_МЭ110-224_3,5,1,uid=1165,,81,,1,,
1166,Ст5_МЭ110-224_4,5,1,uid=1166,,81,,1,,
1167,Ст5_МЭ110-224_5,5,1,uid=1167,,81,,1,,
1168,Ст5_МЭ110-224_6,5,1,uid=1168,,81,,1,,
1169,Ст5_МЭ110-224_7,5,1,uid=1169,,81,,1,,
1170,Ст5_МЭ110-224_8,5,1,uid=1170,,81,,1,,
1171,Ст5_МЭ110-224_9,5,1,uid=1171,,81,,1,,
1172,Ст5_МЭ110-224_10,5,1,uid=1172,,81,,1,,
1173,Ст5_МЭ110-224_11,5,1,uid=1173,,81,,1,,
1174,Ст5_МЭ110-224_12,5,1,uid=1174,,81,,1,,
1175,Ст5_МЭ110-224_13,5,1,uid=1175,,81,,1,,
1176,Ст5_МЭ110-224_14,5,1,uid=1176,,81,,1,,
1177,Ст5_МЭ110-224_15,5,1,uid=1177,,81,,1,,
1178,Ст5_МЭ110-224_16,5,1,uid=1178,,81,,1,,
1179,Ст5_МЭ110-224_17,5,1,uid=1179,,81,,1,,
1180,Ст5_МЭ110-224_18,5,1,uid=1180,,81,,1,,
1181,Ст5_МЭ110-224_19,5,1,uid=1181,,81,,1,,
1182,Ст5_МЭ110-224_20,5,1,uid=1182,,81,,1,,
1183,Ст5_МЭ110-224_21,5,1,uid=1183,,81,,1,,
1184,Ст5_МЭ110-224_22,5,1,uid=1184,,81,,1,,
1185,Ст5_МЭ110-224_23,5,1,uid=1185,,81,,1,,
1186,Ст5_МЭ110-224_24,5,1,uid=1186,,81,,1,,
1187,Ст5_МЭ110-224_25,5,1,uid=1187,,81,,1,,
1188,Ст5_МЭ110-224_26,5,1,uid=1188,,81,,1,,
1189,Ст5_МЭ110-224_27,5,1,uid=1189,,81,,1,,
1190,Ст5_МЭ110-224_28,5,1,uid=1190,,81,,1,,
1191,Ст5_МЭ110-224_29,5,1,uid=1191,,81,,1,,
1192,Ст5_МЭ110-224_30,5,1,uid=1192,,81,,1,,
1193,Ст5_МЭ110-224_31,5,1,uid=1193,,81,,1,,
1194,Ст5_МЭ110-224_32,5,1,uid=1194,,81,,1,,
1195,Ст5_МЭ110-224_33,5,1,uid=1195,,81,,1,,
1196,Ст5_МЭ110-224_34,5,1,uid=1196,,81,,1,,
1197,Ст5_МЭ110-224_35,5,1,uid=1197,,81,,1,,
1198,Ст5_МЭ110-224_36,5,1,uid=1198,,81,,1,,
1199,Ст5_МЭ110-224_37,5,1,uid=1199,,81,,1,,
1200,Ст5_МЭ110-224_38,5,1,uid=1200,,81,,1,,
1201,Ст5_МЭ110-224_39,5,1,uid=1201,,81,,1,,
1202,Ст5_МЭ110-224_40,5,1,uid=1202,,81,,1,,
1203,Ст5_МЭ110-224_41,5,1,uid=1203,,81,,1,,
1204,Ст5_МЭ110-224_42,5,1,uid=1204,,81,,1,,
1205,Ст5_МЭ110-224_43,5,1,uid=1205,,81,,1,,
1206,Ст5_МЭ110-224_44,5,1,uid=1206,,81,,1,,
1207,Ст5_МЭ110-224_45,5,1,uid=1207,,81,,1,,
1208,Ст5_МЭ110-224_46,5,1,uid=1208,,81,,1,,
1209,Ст5_МЭ110-224_47,5,1,uid=1209,,81,,1,,
1210,Ст5_МЭ110-224_48,5,1,uid=1210,,81,,1,,
1211,Ст5_МЭ110-224_49,5,1,uid=1211,,81,,1,,
1212,Ст5_МЭ110-224_50,5,1,uid=1212,,81,,1,,
1213,Ст5_МЭ110-224_51,5,1,uid=1213,,81,,1,,
1214,Ст5_МЭ110-224_52,5,1,uid=1214,,81,,1,,
1215,Ст5_МЭ110-224_53,5,1,uid=1215,,81,,1,,
1216,Ст5_МЭ110-224_54,5,1,uid=1216,,81,,1,,
1217,Ст5_МЭ110-224_55,5,1,uid=1217,,81,,1,,
1218,Ст5_МЭ110-224_56,5,1,uid=1218,,81,,1,,
1219,Ст5_МЭ110-224_57,5,1,uid=1219,,81,,1,,
1220,Ст5_МЭ110-224_58,5,1,uid=1220,,81,,1,,
1221,Ст5_МЭ110-224_59,5,1,uid=1221,,81,,1,,
1222,Ст5_МЭ110-224_60,5,1,uid=1222,,81,,1,,
1223,Ст5_ТС4_,5,1,uid=1223,,82,00:01,1,1,1
1224,Ст5_ТС4_,5,1,uid=1224,,82,01:01,1,1,1
1225,Ст5_ТС4_,5,1,uid=1225,,82,02:01,1,1,1
1226,Ст5_ТС4_,5,1,uid=1226,,82,03:01,1,1,1
1227,Ст5_ТС4_,5,1,uid=1227,,82,04:01,1,1,1
1228,Ст5_ТС4_,5,1,uid=1228,,82,05:01,1,1,1
1229,Ст5_ТС4_,5,1,uid=1229,,82,06:01,1,1,1
1230,Ст5_ТС4_,5,1,uid=1230,,82,07:01,1,1,1
1231,Ст5_ТС4_,5,1,uid=1231,,83,00:01,1,1,1
1232,Ст5_ТС4_,5,1,uid=1232,,83,01:01,1,1,1
1233,Ст5_ТС4_,5,1,uid=1233,,83,02:01,1,1,1
1234,Ст5_ТС4_,5,1,uid=1234,,83,03:01,1,1,1
1235,Ст5_ТС4_,5,1,uid=1235,,83,04:01,1,1,1
1236,Ст5_ТС4_,5,1,uid=1236,,83,05:01,1,1,1
1237,Ст5_ТС4_,5,1,uid=1237,,83,06:01,1,1,1
1238,Ст5_ТС4_,5,1,uid=1238,,83,07:01,1,1,1
1239,Ст5_ФГ_,5,1,uid=1239,,84,00:01,1,1,1
1240,Ст5_ФГ_,5,1,uid=1240,,84,01:01,1,1,1
1241,Ст5_ФГ_,5,1,uid=1241,,84,02:01,1,1,1
1242,Ст5_uid=1242,5,1,uid=1242,,84,03:01,1,1,1
1243,Ст5_uid=1243,5,1,uid=1243,,84,04:01,1,1,1
1244,Ст5_uid=1244,5,1,uid=1244,,84,05:01,1,1,1
1245,Ст5_uid=1245,5,1,uid=1245,,84,06:01,1,1,1
1246,Ст5_uid=1246,5,1,uid=1246,,84,07:01,1,1,1
1247,Ст5_ШС1_Q2,5,1,uid=1247,,85,00:01,1,1,1
1248,Ст5_ШС1_Q1,5,1,uid=1248,,85,01:01,1,1,1
1249,Ст5_ШС1_Q4,5,1,uid=1249,,85,02:01,1,1,1
1250,Ст5_ШС1_Q3,5,1,uid=1250,,85,03:01,1,1,1
1251,Ст5_ШС1_Q6,5,1,uid=1251,,85,04:01,1,1,1
1252,Ст5_ШС1_Q5,5,1,uid=1252,,85,05:01,1,1,1
1253,Ст5_ШС1_Q8,5,1,uid=1253,,85,06:01,1,1,1
1254,Ст5_ШС1_Q7,5,1,uid=1254,,85,07:01,1,1,1
1255,Ст5_uid=1255,5,1,uid=1255,,86,00:01,1,1,1
1256,Ст5_uid=1256,5,1,uid=1256,,86,01:01,1,1,1
1257,Ст5_uid=1257,5,1,uid=1257,,86,02:01,1,1,1
1258,Ст5_uid=1258,5,1,uid=1258,,86,03:01,1,1,1
1259,Ст5_uid=1259,5,1,uid=1259,,86,04:01,1,1,1
1260,Ст5_uid=1260,5,1,uid=1260,,86,05:01,1,1,1
1261,Ст5_uid=1261,5,1,uid=1261,,86,06:01,1,1,1
1262,Ст5_uid=1262,5,1,uid=1262,,86,07:01,1,1,1
1263,Ст5_uid=1263,5,1,uid=1263,,87,00:01,1,1,1
1264,Ст5_uid=1264,5,1,uid=1264,,87,01:01,1,1,1
1265,Ст5_uid=1265,5,1,uid=1265,,87,02:01,1,1,1
1266,Ст5_uid=1266,5,1,uid=1266,,87,03:01,1,1,1
1267,Ст5_uid=1267,5,1,uid=1267,,87,04:01,1,1,1
1268,Ст5_uid=1268,5,1,uid=1268,,87,05:01,1,1,1
1269,Ст5_uid=1269,5,1,uid=1269,,87,06:01,1,1,1
1270,Ст5_uid=1270,5,1,uid=1270,,87,07:01,1,1,1
1271,Ст5_uid=1271,5,1,uid=1271,,88,00:01,1,1,1
1272,Ст5_uid=1272,5,1,uid=1272,,88,01:01,1,1,1
1273,Ст5_uid=1273,5,1,uid=1273,,88,02:01,1,1,1
1274,Ст5_uid=1274,5,1,uid=1274,,88,03:01,1,1,1
1275,Ст5_uid=1275,5,1,uid=1275,,88,04:01,1,1,1
1276,Ст5_uid=1276,5,1,uid=1276,,88,05:01,1,1,1
1277,Ст5_uid=1277,5,1,uid=1277,,88,06:01,1,1,1
1278,Ст5_uid=1278,5,1,uid=1278,,88,07:01,1,1,1
1279,Ст5_НИ1_КМ1,5,1,uid=1279,,89,00:01,1,1,1
1280,Ст5_НИ1_КМ2,5,1,uid=1280,,89,01:01,1,1,1
1281,Ст5_НИ1_КМ3,5,1,uid=1281,,89,02:01,1,1,1
1282,Ст5_НИ1_КМ4,5,1,uid=1282,,89,03:01,1,1,1
1283,Ст5_НИ1_КМ5,5,1,uid=1283,,89,04:01,1,1,1
1284,Ст5_НИ1_КМ6,5,1,uid=1284,,89,05:01,1,1,1
1285,Ст5_НИ1_Лампа,5,1,uid=1285,,89,06:01,1,1,1
1286,Ст5_uid=1286,5,1,uid=1286,,89,07:01,1,1,1
1287,Ст5_НИ2_L1,5,1,uid=1287,,90,00:01,1,1,1
1288,Ст5_НИ2_L2,5,1,uid=1288,,90,01:01,1,1,1
1289,Ст5_НИ2_L3,5,1,uid=1289,,90,02:01,1,1,1
1290,Ст5_НИ2_L4,5,1,uid=1290,,90,03:01,1,1,1
1291,Ст5_НИ2_R1,5,1,uid=1291,,90,04:01,1,1,1
1292,Ст5_НИ2_R2,5,1,uid=1292,,90,05:01,1,1,1
1293,Ст5_НИ2_R3,5,1,uid=1293,,90,06:01,1,1,1
1294,Ст5_НИ2_R4,5,1,uid=1294,,90,07:01,1,1,1
1295,Ст5_РТ_Темп,5,1,uid=1295,,91,00:01,1,3,12
1296,Ст5_uid=129,5,1,uid=1296,,91,01:01,1,3,12
1297,Ст5_uid=130,5,1,uid=1297,,91,02:01,1,3,12
1298,Ст5_uid=131,5,1,uid=1298,,91,03:01,1,3,12
1299,Ст5_uid=132,5,1,uid=1299,,91,04:01,1,3,12
1300,Ст5_uid=133,5,1,uid=1300,,91,05:01,1,3,12
1301,Ст5_uid=134,5,1,uid=1301,,91,06:01,1,3,12
1302,Ст5_uid=135,5,1,uid=1302,,91,07:01,1,3,12
1303,Ст5_ИП1.1_I_Гарм1,5,1,uid=1303,,92,00:01,1,2,4
1304,Ст5_ИП1.1_I_Гарм2,5,1,uid=1304,,92,01:01,1,2,4
1305,Ст5_ИП1.1_I_Гарм3,5,1,uid=1305,,92,02:01,1,2,4
1306,Ст5_ИП1.1_I_Гарм4,5,1,uid=1306,,92,03:01,1,2,4
1307,Ст5_ИП1.1_I_Гарм5,5,1,uid=1307,,92,04:01,1,2,4
1308,Ст5_ИП1.1_I_Гарм6,5,1,uid=1308,,92,05:01,1,2,4
1309,Ст5_ИП1.1_I_Гарм7,5,1,uid=1309,,92,06:01,1,2,4
1310,Ст5_ИП1.1_I_Гарм8,5,1,uid=1310,,92,07:01,1,2,4
1311,Ст5_ИП1.1_I_Гарм9,5,1,uid=1311,,92,08:01,1,2,4
1312,Ст5_ИП1.1_I_Гарм10,5,1,uid=1312,,92,09:01,1,2,4
1313,Ст5_ИП1.1_I_Гарм11,5,1,uid=1313,,92,10:01,1,2,4
1314,Ст5_ИП1.1_I_Гарм12,5,1,uid=1314,,92,11:01,1,2,4
1315,Ст5_ИП1.1_I_Гарм13,5,1,uid=1315,,92,12:01,1,2,4
1316,Ст5_ИП1.1_I_Гарм14,5,1,uid=1316,,92,13:01,1,2,4
1317,Ст5_ИП1.1_I_Гарм15,5,1,uid=1317,,92,14:01,1,2,4
1318,Ст5_ИП1.1_I_Гарм16,5,1,uid=1318,,92,15:01,1,2,4
1319,Ст5_ИП1.1_I_Гарм17,5,1,uid=1319,,92,16:01,1,2,4
1320,Ст5_ИП1.1_I_Гарм18,5,1,uid=1320,,92,17:01,1,2,4
1321,Ст5_ИП1.1_I_Гарм19,5,1,uid=1321,,92,18:01,1,2,4
1322,Ст5_ИП1.1_I_Гарм20,5,1,uid=1322,,92,19:01,1,2,4
1323,Ст5_ИП1.1_I_Гарм21,5,1,uid=1323,,92,20:01,1,2,4
1324,Ст5_ИП1.1_I_Гарм22,5,1,uid=1324,,92,21:01,1,2,4
1325,Ст5_ИП1.1_I_Гарм23,5,1,uid=1325,,92,22:01,1,2,4
1326,Ст5_ИП1.1_I_Гарм24,5,1,uid=1326,,92,23:01,1,2,4
1327,Ст5_ИП1.1_I_Гарм25,5,1,uid=1327,,92,24:01,1,2,4
1328,Ст5_ИП1.1_I_Гарм26,5,1,uid=1328,,92,25:01,1,2,4
1329,Ст5_ИП1.1_I_Гарм27,5,1,uid=1329,,92,26:01,1,2,4
1330,Ст5_ИП1.1_I_Гарм28,5,1,uid=1330,,92,27:01,1,2,4
1331,Ст5_ИП1.1_I_Гарм29,5,1,uid=1331,,92,28:01,1,2,4
1332,Ст5_ИП1.1_I_Гарм30,5,1,uid=1332,,92,29:01,1,2,4
1333,Ст5_ИП1.1_I_Гарм31,5,1,uid=1333,,92,30:01,1,2,4
1334,Ст5_ИП1.1_I_Гарм32,5,1,uid=1334,,92,31:01,1,2,4
1335,Ст5_ИП1.1_I_Гарм33,5,1,uid=1335,,92,32:01,1,2,4
1336,Ст5_ИП1.1_I_Гарм34,5,1,uid=1336,,92,33:01,1,2,4
1337,Ст5_ИП1.1_I_Гарм35,5,1,uid=1337,,92,34:01,1,2,4
1338,Ст5_ИП1.1_I_Гарм36,5,1,uid=1338,,92,35:01,1,2,4
1339,Ст5_ИП1.1_I_Гарм37,5,1,uid=1339,,92,36:01,1,2,4
1340,Ст5_ИП1.1_I_Гарм38,5,1,uid=1340,,92,37:01,1,2,4
1341,Ст5_ИП1.1_I_Гарм39,5,1,uid=1341,,92,38:01,1,2,4
1342,Ст5_ИП1.1_I_Гарм40,5,1,uid=1342,,92,39:01,1,2,4
1343,Ст5_ИП1.1_U_Гарм1,5,1,uid=1343,,92,40:01,1,2,4
1344,Ст5_ИП1.1_U_Гарм2,5,1,uid=1344,,92,41:01,1,2,4
1345,Ст5_ИП1.1_U_Гарм3,5,1,uid=1345,,92,42:01,1,2,4
1346,Ст5_ИП1.1_U_Гарм4,5,1,uid=1346,,92,43:01,1,2,4
1347,Ст5_ИП1.1_U_Гарм5,5,1,uid=1347,,92,44:01,1,2,4
1348,Ст5_ИП1.1_U_Гарм6,5,1,uid=1348,,92,45:01,1,2,4
1349,Ст5_ИП1.1_U_Гарм7,5,1,uid=1349,,92,46:01,1,2,4
1350,Ст5_ИП1.1_U_Гарм8,5,1,uid=1350,,92,47:01,1,2,4
1351,Ст5_ИП1.1_U_Гарм9,5,1,uid=1351,,92,48:01,1,2,4
1352,Ст5_ИП1.1_U_Гарм10,5,1,uid=1352,,92,49:01,1,2,4
1353,Ст5_ИП1.1_U_Гарм11,5,1,uid=1353,,92,50:01,1,2,4
1354,Ст5_ИП1.1_U_Гарм12,5,1,uid=1354,,92,51:01,1,2,4
1355,Ст5_ИП1.1_U_Гарм13,5,1,uid=1355,,92,52:01,1,2,4
1356,Ст5_ИП1.1_U_Гарм14,5,1,uid=1356,,92,53:01,1,2,4
1357,Ст5_ИП1.1_U_Гарм15,5,1,uid=1357,,92,54:01,1,2,4
1358,Ст5_ИП1.1_U_Гарм16,5,1,uid=1358,,92,55:01,1,2,4
1359,Ст5_ИП1.1_U_Гарм17,5,1,uid=1359,,92,56:01,1,2,4
1360,Ст5_ИП1.1_U_Гарм18,5,1,uid=1360,,92,57:01,1,2,4
1361,Ст5_ИП1.1_U_Гарм19,5,1,uid=1361,,92,58:01,1,2,4
1362,Ст5_ИП1.1_U_Гарм20,5,1,uid=1362,,92,59:01,1,2,4
1363,Ст5_ИП1.1_U_Гарм21,5,1,uid=1363,,92,60:01,1,2,4
1364,Ст5_ИП1.1_U_Гарм22,5,1,uid=1364,,92,61:01,1,2,4
1365,Ст5_ИП1.1_U_Гарм23,5,1,uid=1365,,92,62:01,1,2,4
1366,Ст5_ИП1.1_U_Гарм24,5,1,uid=1366,,92,63:01,1,2,4
1367,Ст5_ИП1.1_U_Гарм25,5,1,uid=1367,,92,64:01,1,2,4
1368,Ст5_ИП1.1_U_Гарм26,5,1,uid=1368,,92,65:01,1,2,4
1369,Ст5_ИП1.1_U_Гарм27,5,1,uid=1369,,92,66:01,1,2,4
1370,Ст5_ИП1.1_U_Гарм28,5,1,uid=1370,,92,67:01,1,2,4
1371,Ст5_ИП1.1_U_Гарм29,5,1,uid=1371,,92,68:01,1,2,4
1372,Ст5_ИП1.1_U_Гарм30,5,1,uid=1372,,92,69:01,1,2,4
1373,Ст5_ИП1.1_U_Гарм31,5,1,uid=1373,,92,70:01,1,2,4
1374,Ст5_ИП1.1_U_Гарм32,5,1,uid=1374,,92,71:01,1,2,4
1375,Ст5_ИП1.1_U_Гарм33,5,1,uid=1375,,92,72:01,1,2,4
1376,Ст5_ИП1.1_U_Гарм34,5,1,uid=1376,,92,73:01,1,2,4
1377,Ст5_ИП1.1_U_Гарм35,5,1,uid=1377,,92,74:01,1,2,4
1378,Ст5_ИП1.1_U_Гарм36,5,1,uid=1378,,92,75:01,1,2,4
1379,Ст5_ИП1.1_U_Гарм37,5,1,uid=1379,,92,76:01,1,2,4
1380,Ст5_ИП1.1_U_Гарм38,5,1,uid=1380,,92,77:01,1,2,4
1381,Ст5_ИП1.1_U_Гарм39,5,1,uid=1381,,92,78:01,1,2,4
1382,Ст5_ИП1.1_U_Гарм40,5,1,uid=1382,,92,79:01,1,2,4
1383,Ст5_ИП1.1_V1,5,1,uid=1383,,92,80:01,1,2,15
1384,Ст5_ИП1.1_V2,5,1,uid=1384,,92,81:01,1,2,15
1385,Ст5_ИП1.1_V3,5,1,uid=1385,,92,82:01,1,2,15
1386,Ст5_ИП1.1_V12,5,1,uid=1386,,92,83:01,1,2,15
1387,Ст5_ИП1.1_V23,5,1,uid=1387,,92,84:01,1,2,15
1388,Ст5_ИП1.1_V31,5,1,uid=1388,,92,85:01,1,2,15
1389,Ст5_ИП1.1_I1,5,1,uid=1389,,92,86:01,1,2,14
1390,Ст5_ИП1.1_I2,5,1,uid=1390,,92,87:01,1,2,14
1391,Ст5_ИП1.1_I3,5,1,uid=1391,,92,88:01,1,2,14
1392,Ст5_ИП1.1_kW_L1,5,1,uid=1392,,92,89:01,1,2,16
1393,Ст5_ИП1.1_kW_L2,5,1,uid=1393,,92,90:01,1,2,16
1394,Ст5_ИП1.1_kW_L3,5,1,uid=1394,,92,91:01,1,2,16
1395,Ст5_ИП1.1_kvar_L1,5,1,uid=1395,,92,92:01,1,2,17
1396,Ст5_ИП1.1_kvar_L2,5,1,uid=1396,,92,93:01,1,2,17
1397,Ст5_ИП1.1_kvar_L3,5,1,uid=1397,,92,94:01,1,2,17
1398,Ст5_ИП1.1_kVA_L1,5,1,uid=1398,,92,95:01,1,2,18
1399,Ст5_ИП1.1_kVA_L2,5,1,uid=1399,,92,96:01,1,2,18
1400,Ст5_ИП1.1_kVA_L3,5,1,uid=1400,,92,97:01,1,2,18
1401,Ст5_ИП1.1_total_kW,5,1,uid=1401,,92,98:01,1,2,16
1402,Ст5_ИП1.1_total_kvar,5,1,uid=1402,,92,99:01,1,2,17
1403,Ст5_ИП1.1_total_kVA,5,1,uid=1403,,92,100:01,1,2,18
1404,Ст5_ИП1.1_101,5,1,uid=1404,,92,101:01,1,,
1405,Ст5_ИП1.1_102,5,1,uid=1405,,92,102:01,1,,
1406,Ст5_ИП1.1_103,5,1,uid=1406,,92,103:01,1,,
1407,Ст5_ИП1.1_104,5,1,uid=1407,,92,104:01,1,,
1408,Ст5_ИП1.1_105,5,1,uid=1408,,92,105:01,1,,
1409,Ст5_ИП1.1_106,5,1,uid=1409,,92,106:01,1,,
1410,Ст5_ИП1.1_107,5,1,uid=1410,,92,107:01,1,,
1411,Ст5_ИП1.1_108,5,1,uid=1411,,92,108:01,1,,
1412,Ст5_ИП1.1_109,5,1,uid=1412,,92,109:01,1,,
1413,Ст5_ИП1.1_110,5,1,uid=1413,,92,110:01,1,,
1414,Ст5_ИП1.1_111,5,1,uid=1414,,92,111:01,1,,
1415,Ст5_ИП1.1_112,5,1,uid=1415,,92,112:01,1,,
1416,Ст5_ИП1.1_113,5,1,uid=1416,,92,113:01,1,,
1417,Ст5_ИП1.1_114,5,1,uid=1417,,92,114:01,1,,
1418,Ст5_ИП1.1_115,5,1,uid=1418,,92,115:01,1,,
1419,Ст5_ИП1.1_116,5,1,uid=1419,,92,116:01,1,,
1420,Ст5_ИП1.1_117,5,1,uid=1420,,92,117:01,1,,
1421,Ст5_ИП1.1_118,5,1,uid=1421,,92,118:01,1,,
1422,Ст5_ИП1.1_119,5,1,uid=1422,,92,119:01,1,,
1423,Ст5_ИП1.2_I_Гарм1,5,1,uid=1423,,93,00:01,1,2,4
1424,Ст5_ИП1.2_I_Гарм2,5,1,uid=1424,,93,01:01,1,2,4
1425,Ст5_ИП1.2_I_Гарм3,5,1,uid=1425,,93,02:01,1,2,4
1426,Ст5_ИП1.2_I_Гарм4,5,1,uid=1426,,93,03:01,1,2,4
1427,Ст5_ИП1.2_I_Гарм5,5,1,uid=1427,,93,04:01,1,2,4
1428,Ст5_ИП1.2_I_Гарм6,5,1,uid=1428,,93,05:01,1,2,4
1429,Ст5_ИП1.2_I_Гарм7,5,1,uid=1429,,93,06:01,1,2,4
1430,Ст5_ИП1.2_I_Гарм8,5,1,uid=1430,,93,07:01,1,2,4
1431,Ст5_ИП1.2_I_Гарм9,5,1,uid=1431,,93,08:01,1,2,4
1432,Ст5_ИП1.2_I_Гарм10,5,1,uid=1432,,93,09:01,1,2,4
1433,Ст5_ИП1.2_I_Гарм11,5,1,uid=1433,,93,10:01,1,2,4
1434,Ст5_ИП1.2_I_Гарм12,5,1,uid=1434,,93,11:01,1,2,4
1435,Ст5_ИП1.2_I_Гарм13,5,1,uid=1435,,93,12:01,1,2,4
1436,Ст5_ИП1.2_I_Гарм14,5,1,uid=1436,,93,13:01,1,2,4
1437,Ст5_ИП1.2_I_Гарм15,5,1,uid=1437,,93,14:01,1,2,4
1438,Ст5_ИП1.2_I_Гарм16,5,1,uid=1438,,93,15:01,1,2,4
1439,Ст5_ИП1.2_I_Гарм17,5,1,uid=1439,,93,16:01,1,2,4
1440,Ст5_ИП1.2_I_Гарм18,5,1,uid=1440,,93,17:01,1,2,4
1441,Ст5_ИП1.2_I_Гарм19,5,1,uid=1441,,93,18:01,1,2,4
1442,Ст5_ИП1.2_I_Гарм20,5,1,uid=1442,,93,19:01,1,2,4
1443,Ст5_ИП1.2_I_Гарм21,5,1,uid=1443,,93,20:01,1,2,4
1444,Ст5_ИП1.2_I_Гарм22,5,1,uid=1444,,93,21:01,1,2,4
1445,Ст5_ИП1.2_I_Гарм23,5,1,uid=1445,,93,22:01,1,2,4
1446,Ст5_ИП1.2_I_Гарм24,5,1,uid=1446,,93,23:01,1,2,4
1447,Ст5_ИП1.2_I_Гарм25,5,1,uid=1447,,93,24:01,1,2,4
1448,Ст5_ИП1.2_I_Гарм26,5,1,uid=1448,,93,25:01,1,2,4
1449,Ст5_ИП1.2_I_Гарм27,5,1,uid=1449,,93,26:01,1,2,4
1450,Ст5_ИП1.2_I_Гарм28,5,1,uid=1450,,93,27:01,1,2,4
1451,Ст5_ИП1.2_I_Гарм29,5,1,uid=1451,,93,28:01,1,2,4
1452,Ст5_ИП1.2_I_Гарм30,5,1,uid=1452,,93,29:01,1,2,4
1453,Ст5_ИП1.2_I_Гарм31,5,1,uid=1453,,93,30:01,1,2,4
1454,Ст5_ИП1.2_I_Гарм32,5,1,uid=1454,,93,31:01,1,2,4
1455,Ст5_ИП1.2_I_Гарм33,5,1,uid=1455,,93,32:01,1,2,4
1456,Ст5_ИП1.2_I_Гарм34,5,1,uid=1456,,93,33:01,1,2,4
1457,Ст5_ИП1.2_I_Гарм35,5,1,uid=1457,,93,34:01,1,2,4
1458,Ст5_ИП1.2_I_Гарм36,5,1,uid=1458,,93,35:01,1,2,4
1459,Ст5_ИП1.2_I_Гарм37,5,1,uid=1459,,93,36:01,1,2,4
1460,Ст5_ИП1.2_I_Гарм38,5,1,uid=1460,,93,37:01,1,2,4
1461,Ст5_ИП1.2_I_Гарм39,5,1,uid=1461,,93,38:01,1,2,4
1462,Ст5_ИП1.2_I_Гарм40,5,1,uid=1462,,93,39:01,1,2,4
1463,Ст5_ИП1.2_U_Гарм1,5,1,uid=1463,,93,40:01,1,2,4
1464,Ст5_ИП1.2_U_Гарм2,5,1,uid=1464,,93,41:01,1,2,4
1465,Ст5_ИП1.2_U_Гарм3,5,1,uid=1465,,93,42:01,1,2,4
1466,Ст5_ИП1.2_U_Гарм4,5,1,uid=1466,,93,43:01,1,2,4
1467,Ст5_ИП1.2_U_Гарм5,5,1,uid=1467,,93,44:01,1,2,4
1468,Ст5_ИП1.2_U_Гарм6,5,1,uid=1468,,93,45:01,1,2,4
1469,Ст5_ИП1.2_U_Гарм7,5,1,uid=1469,,93,46:01,1,2,4
1470,Ст5_ИП1.2_U_Гарм8,5,1,uid=1470,,93,47:01,1,2,4
1471,Ст5_ИП1.2_U_Гарм9,5,1,uid=1471,,93,48:01,1,2,4
1472,Ст5_ИП1.2_U_Гарм10,5,1,uid=1472,,93,49:01,1,2,4
1473,Ст5_ИП1.2_U_Гарм11,5,1,uid=1473,,93,50:01,1,2,4
1474,Ст5_ИП1.2_U_Гарм12,5,1,uid=1474,,93,51:01,1,2,4
1475,Ст5_ИП1.2_U_Гарм13,5,1,uid=1475,,93,52:01,1,2,4
1476,Ст5_ИП1.2_U_Гарм14,5,1,uid=1476,,93,53:01,1,2,4
1477,Ст5_ИП1.2_U_Гарм15,5,1,uid=1477,,93,54:01,1,2,4
1478,Ст5_ИП1.2_U_Гарм16,5,1,uid=1478,,93,55:01,1,2,4
1479,Ст5_ИП1.2_U_Гарм17,5,1,uid=1479,,93,56:01,1,2,4
1480,Ст5_ИП1.2_U_Гарм18,5,1,uid=1480,,93,57:01,1,2,4
1481,Ст5_ИП1.2_U_Гарм19,5,1,uid=1481,,93,58:01,1,2,4
1482,Ст5_ИП1.2_U_Гарм20,5,1,uid=1482,,93,59:01,1,2,4
1483,Ст5_ИП1.2_U_Гарм21,5,1,uid=1483,,93,60:01,1,2,4
1484,Ст5_ИП1.2_U_Гарм22,5,1,uid=1484,,93,61:01,1,2,4
1485,Ст5_ИП1.2_U_Гарм23,5,1,uid=1485,,93,62:01,1,2,4
1486,Ст5_ИП1.2_U_Гарм24,5,1,uid=1486,,93,63:01,1,2,4
1487,Ст5_ИП1.2_U_Гарм25,5,1,uid=1487,,93,64:01,1,2,4
1488,Ст5_ИП1.2_U_Гарм26,5,1,uid=1488,,93,65:01,1,2,4
1489,Ст5_ИП1.2_U_Гарм27,5,1,uid=1489,,93,66:01,1,2,4
1490,Ст5_ИП1.2_U_Гарм28,5,1,uid=1490,,93,67:01,1,2,4
1491,Ст5_ИП1.2_U_Гарм29,5,1,uid=1491,,93,68:01,1,2,4
1492,Ст5_ИП1.2_U_Гарм30,5,1,uid=1492,,93,69:01,1,2,4
1493,Ст5_ИП1.2_U_Гарм31,5,1,uid=1493,,93,70:01,1,2,4
1494,Ст5_ИП1.2_U_Гарм32,5,1,uid=1494,,93,71:01,1,2,4
1495,Ст5_ИП1.2_U_Гарм33,5,1,uid=1495,,93,72:01,1,2,4
1496,Ст5_ИП1.2_U_Гарм34,5,1,uid=1496,,93,73:01,1,2,4
1497,Ст5_ИП1.2_U_Гарм35,5,1,uid=1497,,93,74:01,1,2,4
1498,Ст5_ИП1.2_U_Гарм36,5,1,uid=1498,,93,75:01,1,2,4
1499,Ст5_ИП1.2_U_Гарм37,5,1,uid=1499,,93,76:01,1,2,4
1500,Ст5_ИП1.2_U_Гарм38,5,1,uid=1500,,93,77:01,1,2,4
1501,Ст5_ИП1.2_U_Гарм39,5,1,uid=1501,,93,78:01,1,2,4
1502,Ст5_ИП1.2_U_Гарм40,5,1,uid=1502,,93,79:01,1,2,4
1503,Ст5_ИП1.2_V1,5,1,uid=1503,,93,80:01,1,2,15
1504,Ст5_ИП1.2_V2,5,1,uid=1504,,93,81:01,1,2,15
1505,Ст5_ИП1.2_V3,5,1,uid=1505,,93,82:01,1,2,15
1506,Ст5_ИП1.2_V12,5,1,uid=1506,,93,83:01,1,2,15
1507,Ст5_ИП1.2_V23,5,1,uid=1507,,93,84:01,1,2,15
1508,Ст5_ИП1.2_V31,5,1,uid=1508,,93,85:01,1,2,15
1509,Ст5_ИП1.2_I1,5,1,uid=1509,,93,86:01,1,2,14
1510,Ст5_ИП1.2_I2,5,1,uid=1510,,93,87:01,1,2,14
1511,Ст5_ИП1.2_I3,5,1,uid=1511,,93,88:01,1,2,14
1512,Ст5_ИП1.2_kW_L1,5,1,uid=1512,,93,89:01,1,2,16
1513,Ст5_ИП1.2_kW_L2,5,1,uid=1513,,93,90:01,1,2,16
1514,Ст5_ИП1.2_kW_L3,5,1,uid=1514,,93,91:01,1,2,16
1515,Ст5_ИП1.2_kvar_L1,5,1,uid=1515,,93,92:01,1,2,17
1516,Ст5_ИП1.2_kvar_L2,5,1,uid=1516,,93,93:01,1,2,17
1517,Ст5_ИП1.2_kvar_L3,5,1,uid=1517,,93,94:01,1,2,17
1518,Ст5_ИП1.2_kVA_L1,5,1,uid=1518,,93,95:01,1,2,18
1519,Ст5_ИП1.2_kVA_L2,5,1,uid=1519,,93,96:01,1,2,18
1520,Ст5_ИП1.2_kVA_L3,5,1,uid=1520,,93,97:01,1,2,18
1521,Ст5_ИП1.2_total_kW,5,1,uid=1521,,93,98:01,1,2,16
1522,Ст5_ИП1.2_total_kvar,5,1,uid=1522,,93,99:01,1,2,17
1523,Ст5_ИП1.2_total_kVA,5,1,uid=1523,,93,100:01,1,2,18
1524,Ст5_ИП1.2_101,5,1,uid=1524,,93,101:01,1,,
1525,Ст5_ИП1.2_102,5,1,uid=1525,,93,102:01,1,,
1526,Ст5_ИП1.2_103,5,1,uid=1526,,93,103:01,1,,
1527,Ст5_ИП1.2_104,5,1,uid=1527,,93,104:01,1,,
1528,Ст5_ИП1.2_105,5,1,uid=1528,,93,105:01,1,,
1529,Ст5_ИП1.2_106,5,1,uid=1529,,93,106:01,1,,
1530,Ст5_ИП1.2_107,5,1,uid=1530,,93,107:01,1,,
1531,Ст5_ИП1.2_108,5,1,uid=1531,,93,108:01,1,,
1532,Ст5_ИП1.2_109,5,1,uid=1532,,93,109:01,1,,
1533,Ст5_ИП1.2_110,5,1,uid=1533,,93,110:01,1,,
1534,Ст5_ИП1.2_111,5,1,uid=1534,,93,111:01,1,,
1535,Ст5_ИП1.2_112,5,1,uid=1535,,93,112:01,1,,
1536,Ст5_ИП1.2_113,5,1,uid=1536,,93,113:01,1,,
1537,Ст5_ИП1.2_114,5,1,uid=1537,,93,114:01,1,,
1538,Ст5_ИП1.2_115,5,1,uid=1538,,93,115:01,1,,
1539,Ст5_ИП1.2_116,5,1,uid=1539,,93,116:01,1,,
1540,Ст5_ИП1.2_117,5,1,uid=1540,,93,117:01,1,,
1541,Ст5_ИП1.2_118,5,1,uid=1541,,93,118:01,1,,
1542,Ст5_ИП1.2_119,5,1,uid=1542,,93,119:01,1,,
1543,Ст5_ИП1.1_Гармон_I,5,1,uid=1543,,1303:1304:1305:1306:1307:1308:1309:1310:1311:1312:1313:1314:1315:1316:1317:1318:1319:1320:1321:1322:1323:1324:1325:1326:1327:1328:1329:1330:1331:1332:1333:1334:1335:1336:1337:1338:1339:1340:1341:1341,,4,4,6
1544,Ст5_ИП1.1_Гармон_U,5,1,uid=1544,,1382:1343:1344:1345:1346:1347:1348:1349:1350:1351:1352:1353:1354:1355:1356:1357:1358:1359:1360:1361:1362:1363:1364:1365:1366:1367:1368:1369:1370:1371:1372:1373:1374:1375:1376:1377:1378:1379:1380:1381:1382,,4,4,6
1545,Ст5_uid=1545,5,1,uid=1545,,,,,,
1546,Ст5_uid=1546,5,1,uid=1546,,,,,,
1547,Ст5_uid=1547,5,1,uid=1547,,,,,,
1548,Ст5_uid=1548,5,1,uid=1548,,,,,,
1549,Ст5_uid=1549,5,1,uid=1549,,,,,,
1550,Ст5_uid=1550,5,1,uid=1550,,,,,,
1551,Ст5_uid=1551,5,1,uid=1551,,,,,,
1552,Ст5_uid=1552,5,1,uid=1552,,,,,,
1553,Ст5_uid=1553,5,1,uid=1553,,,,,,
1554,Ст5_uid=1554,5,1,uid=1554,,,,,,
1555,Ст5_uid=1555,5,1,uid=1555,,,,,,
1556,Ст5_uid=1556,5,1,uid=1556,,,,,,
1557,Ст5_uid=1557,5,1,uid=1557,,,,,,
1558,Ст5_uid=1558,5,1,uid=1558,,,,,,
1559,Ст5_uid=1559,5,1,uid=1559,,,,,,
1560,Ст5_uid=1560,5,1,uid=1560,,,,,,
1561,Ст5_uid=1561,5,1,uid=1561,,,,,,
1562,Ст5_uid=1562,5,1,uid=1562,,,,,,
